Hours,T_In,T_Out
0,NaN,NaN
0.0833333333333333,29.07,49.9
0.166666666666667,34.16,50.41
0.25,37.86,48.71
0.333333333333333,40.24,49.62
0.416666666666667,42.22,50.75
0.5,42.8,49.47
0.583333333333333,45,50.72
0.666666666666667,47.74,49.28
0.75,47.68,49.93
0.833333333333333,45.06,49.3
0.916666666666667,43.43,52.42
1,47.14,52.16
1.08333333333333,44.4,52.03
1.16666666666667,42.8900000000001,39.7100000000001
1.25,40.13,51.85
1.33333333333333,40.75,49.65
1.41666666666667,41.84,51.8
1.5,40.87,49.49
1.58333333333333,41.58,50.65
1.66666666666667,5.62000000000145,50.1400000000001
1.75,42.6,51.59
1.83333333333333,42.25,51.77
1.91666666666667,43.05,49.6900000000001
2,44.52,53.31
2.08333333333333,43.72,52.4099999999998
2.16666666666667,45.46,50.18
2.25,46.99,52.61
2.33333333333333,47.17,55.2600000000001
2.41666666666667,48.47,55.16
2.5,49.55,57
2.58333333333333,48.68,56.3000000000001
2.66666666666667,47.81,56.52
2.75,48.63,54.97
2.83333333333333,50.7199999999999,54.37
2.91666666666667,49.47,53.27
3,49.73,66.46
3.08333333333333,53.12,46.0700000000001
3.16666666666667,52.3,50.42
3.25,52.46,59.2
3.33333333333333,52.2299999999999,56.3999999999996
3.41666666666667,51.57,66.3
3.5,52.58,58.7
3.58333333333333,52.4,45.8099999999998
3.66666666666667,50.99,59.06
3.75,52.41,53.99
3.83333333333333,51.93,62.5200000000001
3.91666666666667,51.85,50.2
4,52.56,51.04
4.08333333333333,55.4,49.41
4.16666666666667,52.42,60.5899999999997
4.25,52.79,48
4.33333333333333,52.75,59.38
4.41666666666667,53.06,49.6400000000002
4.5,52.38,51.63
4.58333333333333,55.81,48.07
4.66666666666667,51.63,63.1099999999992
4.75,49.93,51.62
4.83333333333333,55.76,49.25
4.91666666666667,52.1200000000001,47.5699999999997
5,51.81,65.07
5.08333333333333,52.66,49.89
5.16666666666667,51.7300000000002,47.7099999999998
5.25,52.62,52.81
5.33333333333333,52.09,60.23
5.41666666666667,52.0899999999998,56.3099999999996
5.5,53.45,50.34
5.58333333333333,51.13,65.28
5.66666666666667,52.07,46.6400000000001
5.75,52.7,50.54
5.83333333333333,53.4,62.29
5.91666666666667,52.6599999999999,48.9899999999998
6,52.45,54.48
6.08333333333333,53.1,51.91
6.16666666666667,52.6499999999999,61.8100000000002
6.25,52.21,57.07
6.33333333333333,52.61,52.28
6.41666666666667,52.3999999999999,56.9800000000003
6.5,52.54,57.63
6.58333333333333,51.9,58.48
6.66666666666667,53,49.9899999999999
6.75,52.45,53.75
6.83333333333333,52.16,63.86
6.91666666666667,52.2000000000001,47.4700000000001
7,52.56,52.38
7.08333333333333,52.93,53.24
7.16666666666667,52.1,62.1199999999998
7.25,51.86,55.68
7.33333333333333,52.88,52.18
7.41666666666667,53.1399999999999,56.1200000000002
7.5,52.84,57.82
7.58333333333333,51.88,56.67
7.66666666666667,52.76,48.5800000000004
7.75,53.77,53.76
7.83333333333333,51.68,59.12
7.91666666666667,53.4999999999999,48.13
8,52.71,58.39
8.08333333333333,52.4500000000002,57.1800000000006
8.16666666666667,52.57,54.57
8.25,52.36,55.26
8.33333333333333,52.3000000000001,57.0599999999995
8.41666666666667,52.93,61.41
8.5,52.45,52.17
8.58333333333333,51.9299999999997,62.3700000000007
8.66666666666667,52,49.52
8.75,53.15,50.33
8.83333333333333,52.4799999999998,61.5399999999999
8.91666666666667,51.72,51.31
9,54.91,49.09
9.08333333333333,53.49,54.2700000000006
9.16666666666667,53.04,62.41
9.25,52.56,52.13
9.33333333333333,53.7399999999998,54.6600000000008
9.41666666666667,52.94,62.21
9.5,52.44,54.67
9.58333333333333,51.8900000000001,62.1999999999994
9.66666666666667,52.13,53.89
9.75,52.68,47.99
9.83333333333333,52.9099999999998,61.2700000000009
9.91666666666667,51.97,47.98
10,52.11,49.52
10.0833333333333,52.3000000000004,53.5400000000007
10.1666666666667,52.19,63.55
10.25,52.44,54.85
10.3333333333333,52.3800000000003,52.6300000000004
10.4166666666667,52.13,62.63
10.5,52.61,53.44
10.5833333333333,53.0699999999996,59.0200000000001
10.6666666666667,51.91,55.92
10.75,52.94,46.73
10.8333333333333,52.7400000000001,51.1100000000004
10.9166666666667,52.57,63.79
11,51.94,48.76
11.0833333333333,52.1800000000002,54.5500000000003
11.1666666666667,51.6,66.19
11.25,52.69,54.43
11.3333333333333,52.34,54.4800000000006
11.4166666666667,52.35,59.93
11.5,52.06,50.24
11.5833333333333,52.55,55.4200000000008
11.6666666666667,52.09,61.43
11.75,52.72,46.24
11.8333333333333,52.93,52.2300000000003
11.9166666666667,51.88,64.29
12,53.03,49.03
12.0833333333333,53.2900000000001,52.8200000000004
12.1666666666667,52.08,64.73
12.25,51.9,50.96
12.3333333333333,53.3199999999997,52.5300000000002
12.4166666666667,52.89,62.65
12.5,51.85,53.14
12.5833333333333,51.9799999999999,65.1999999999995
12.6666666666667,52.23,46.46
12.75,53.52,54.16
12.8333333333333,51.6700000000001,54.529999999999
12.9166666666667,53.95,47.28
13,50.78,65.56
13.0833333333333,50.9700000000003,48.9800000000003
13.1666666666667,53.06,55.19
13.25,53.12,59.6
13.3333333333333,52.9399999999997,51.6399999999996
13.4166666666667,53.21,52.07
13.5,53.01,60.63
13.5833333333333,52.9699999999999,45.7500000000003
13.6666666666667,53.3,53.31
13.75,52.13,57.53
13.8333333333333,52.7899999999999,47.1200000000002
13.9166666666667,53.13,58.76
14,51.19,49.11
14.0833333333333,52.7900000000001,51.2900000000004
14.1666666666667,53.44,64.31
14.25,51.79,49.25
14.3333333333333,53.4399999999998,54.5900000000011
14.4166666666667,51.68,62.56
14.5,52.85,49.67
14.5833333333333,51.69,61.8300000000018
14.6666666666667,53.66,46.82
14.75,52.45,54.45
14.8333333333333,50.9100000000005,48.8999999999997
14.9166666666667,54.05,48.18
15,50.38,65.55
15.0833333333333,53.3899999999998,49.1000000000004
15.1666666666667,52.72,57.24
15.25,52.36,55.93
15.3333333333333,52.9200000000004,49.8000000000003
15.4166666666667,53.16,54
15.5,52.77,56.79
15.5833333333333,51.8600000000001,46.2499999999997
15.6666666666667,53.45,49.09
15.75,52.06,61.11
15.8333333333333,52.5900000000002,46.3300000000003
15.9166666666667,53.78,55.12
16,53.44,49.42
16.0833333333333,54.02,50.78
16.1666666666667,51.6600000000004,59.1199999999998
16.25,52.25,49.42
16.3333333333333,53.14,60.11
16.4166666666667,51.9400000000002,56.3600000000009
16.5,52.68,48.66
16.5833333333333,50.54,63.48
16.6666666666667,53.1800000000003,47.1600000000003
16.75,52.69,60.73
16.8333333333333,52.02,44.73
16.9166666666667,52.8400000000003,48.3000000000001
17,52.13,59.98
17.0833333333333,53.18,46.99
17.1666666666667,52.1800000000003,57.0900000000001
17.25,52.79,57.26
17.3333333333333,53.11,48.25
17.4166666666667,52.7300000000002,56.6400000000007
17.5,52,62.09
17.5833333333333,52.88,45.96
17.6666666666667,53.71,50.9700000000015
17.75,51.54,51.65
17.8333333333333,53.89,46.87
17.9166666666667,52.9799999999992,62.4100000000014
18,52.45,46.54
18.0833333333333,53.81,52.52
18.1666666666667,52.0100000000003,58.3799999999978
18.25,53.27,49.19
18.3333333333333,52.85,60.89
18.4166666666667,51.2900000000002,53.0499999999981
18.5,53.52,49.22
18.5833333333333,52.2,56.04
18.6666666666667,53.6599999999999,47.7900000000004
18.75,52.23,58.74
18.8333333333333,52.37,45.2
18.9166666666667,53.9300000000001,49.5
19,51.13,62
19.0833333333333,51.92,49.12
19.1666666666667,52.2299999999997,54.7100000000029
19.25,52.71,60.73
19.3333333333333,52.06,47.72
19.4166666666667,53.3999999999994,54.6600000000002
19.5,52.34,55.85
19.5833333333333,52.51,50.54
19.6666666666667,53.3399999999999,47.6800000000014
19.75,52.53,56.54
19.8333333333333,52.05,47.13
19.9166666666667,53.3700000000001,47.4400000000001
20,51.41,63.99
20.0833333333333,53.33,48.08
20.1666666666667,51.6600000000004,58.2900000000003
20.25,51.38,54.8
20.3333333333333,53.46,47.7
20.4166666666667,53.31,55.7800000000002
20.5,51.57,55.44
20.5833333333333,52.34,47.11
20.6666666666667,53.9199999999997,48.7600000000002
20.75,51.48,66.91
20.8333333333333,52.98,45.43
20.9166666666667,53.5600000000001,51.6600000000015
21,53.41,47.85
21.0833333333333,53.9,50.86
21.1666666666667,52.1599999999996,61.0499999999978
21.25,52.25,47.82
21.3333333333333,53,53.4
21.4166666666667,52.4899999999996,62.0499999999996
21.5,52.54,48.17
21.5833333333333,52.02,63.85
21.6666666666667,53.2299999999995,45.63
21.75,54.22,49.82
21.8333333333333,51.67,59.41
21.9166666666667,53.6800000000002,45.9900000000007
22,52.19,63.42
22.0833333333333,53.29,47.46
22.1666666666667,50.5899999999993,66.4499999999982
22.25,54.15,49.29
22.3333333333333,53.53,57.01
22.4166666666667,52.309999999999,64.5500000000008
22.5,53.33,53.65
22.5833333333333,51.65,63.61
22.6666666666667,50.9500000000005,53.3999999999972
22.75,53.39,47.33
22.8333333333333,52.36,55.32
22.9166666666667,51.5300000000001,59.1199999999974
23,53.55,46.58
23.0833333333333,53.84,55.58
23.1666666666667,51.6600000000002,65.2800000000001
23.25,51.89,49.75
23.3333333333333,53.26,55.94
23.4166666666667,51.840000000001,63.1000000000023
23.5,51.74,54.05
23.5833333333333,52.93,59.15
23.6666666666667,51.5699999999999,64.6899999999981
23.75,52.92,47.08
23.8333333333333,53.75,49.82
23.9166666666667,52.2599999999996,62.6900000000008
24,52.38,49.46
24.0833333333333,53.6,53.96
24.1666666666667,51.0200000000001,64.0599999999998
24.25,51.87,57.63
24.3333333333333,52.3,53.11
24.4166666666667,53.1799999999992,61.1400000000001
24.5,51.48,58.58
24.5833333333333,52.02,50.87
24.6666666666667,52.7000000000003,49.2100000000006
24.75,53.27,57.85
24.8333333333333,52.36,62.31
24.9166666666667,52.95,47.6100000000005
25,52.52,62.44
25.0833333333333,52.21,53.86
25.1666666666667,53.0099999999995,58.199999999999
25.25,52.99,56.25
25.3333333333333,52.27,59.77
25.4166666666667,52.4900000000001,53.6199999999994
25.5,53.93,51.5
25.5833333333333,51.23,59.52
25.6666666666667,52.7900000000001,48.0000000000008
25.75,53.26,56.23
25.8333333333333,51.87,58.38
25.9166666666667,53.2399999999998,48.4099999999999
26,52.67,58.93
26.0833333333333,51.48,65.28
26.1666666666667,51.68,50.81
26.25,52.6,53.51
26.3333333333333,52.16,59.93
26.4166666666667,51.4600000000009,65.5700000000001
26.5,52.54,53.34
26.5833333333333,52.19,63.01
26.6666666666667,51.4300000000006,52.7999999999995
26.75,53.35,49.19
26.8333333333333,52.98,59.77
26.9166666666667,51.7800000000003,49.5999999999991
27,53.35,48.81
27.0833333333333,52.15,56.25
27.1666666666667,52.2499999999998,63.9600000000003
27.25,52.34,51.62
27.3333333333333,52.81,54.69
27.4166666666667,52.9499999999998,59.060000000001
27.5,53.03,63.22
27.5833333333333,52.25,48.37
27.6666666666667,53.1899999999993,51.770000000001
27.75,51.97,64.08
27.8333333333333,51.67,48.99
27.9166666666667,51.5900000000004,66.2499999999972
28,50.42,51.46
28.0833333333333,52.56,52.38
28.1666666666667,51.94,57.5999999999985
28.25,53.61,47.96
28.3333333333333,52.64,55.47
28.4166666666667,50.9900000000004,64.2599999999979
28.5,52.49,48.51
28.5833333333333,52.53,60.19
28.6666666666667,52.1399999999998,50.9099999999992
28.75,52.94,47.75
28.8333333333333,53.26,58.83
28.9166666666667,51.2400000000002,51.5099999999968
29,52.46,46.8
29.0833333333333,53.76,52.23
29.1666666666667,51.2700000000001,66.2999999999968
29.25,51.99,48.23
29.3333333333333,52.38,53.79
29.4166666666667,52.9999999999995,60.6400000000022
29.5,51.79,54.06
29.5833333333333,51.93,55.37
29.6666666666667,52.9899999999997,47.6400000000007
29.75,52.6,53.94
29.8333333333333,51.98,64.95
29.9166666666667,52.4699999999998,52.9299999999986
30,53.57,47.93
30.0833333333333,53.37,54.8
30.1666666666667,52.1,58.9599999999953
30.25,54.01,49.84
30.3333333333333,52.72,58.31
30.4166666666667,52.7799999999993,61.7499999999977
30.5,53.76,50.64
30.5833333333333,52.48,61.7
30.6666666666667,52.0800000000002,55.8099999999971
30.75,53.2,49.7
30.8333333333333,52.3,59.14
30.9166666666667,51.9100000000001,58.4399999999978
31,52.6,48.06
31.0833333333333,53.05,53.65
31.1666666666667,53.0599999999994,62.7999999999973
31.25,52.75,50.38
31.3333333333333,52.09,52.97
31.4166666666667,51.5300000000005,62.9999999999994
31.5,52.05,55.67
31.5833333333333,52.69,48.02
31.6666666666667,53.37,54.7800000000016
31.75,51.37,64.13
31.8333333333333,53.15,47.53
31.9166666666667,52.5900000000007,51.7500000000004
32,51.45,64.74
32.0833333333333,51.8100000000015,49.7200000000001
32.1666666666667,53.61,56.04
32.25,51.66,64.61
32.3333333333333,52.0200000000011,47.4500000000056
32.4166666666667,53.32,53.44
32.5,52.6,59.34
32.5833333333333,51.6900000000004,51.1599999999969
32.6666666666667,52.8,49.43
32.75,51.69,61.77
32.8333333333333,51.4499999999998,48.0499999999987
32.9166666666667,52.95,50.4
33,53.73,60.82
33.0833333333333,52.8499999999997,50.3700000000009
33.1666666666667,53.87,57.38
33.25,51.34,64.34
33.3333333333333,52.6899999999998,50.8400000000005
33.4166666666667,52.4,53.67
33.5,52.12,60.42
33.5833333333333,51.8599999999995,54.009999999995
33.6666666666667,53.21,48.94
33.75,52.76,58.09
33.8333333333333,52.1199999999983,52.3399999999964
33.9166666666667,53.21,49.03
34,51.96,65.46
34.0833333333333,53.6300000000003,48.9499999999997
34.1666666666667,51.9,55.29
34.25,51.63,63.97
34.3333333333333,52.2300000000007,51.5099999999977
34.4166666666667,53.21,55.76
34.5,52.19,62.85
34.5833333333333,52.4099999999997,49.3799999999981
34.6666666666667,53.12,50.39
34.75,51.94,63.47
34.8333333333333,52.0099999999994,50.9599999999972
34.9166666666667,53,50.32
35,52.8299999999975,64.690000000001
35.0833333333333,52.8000000000009,49.2999999999997
35.1666666666667,52.7799999999997,56.7100000000027
35.25,52.4499999999999,65.1199999999995
35.3333333333333,51.060000000002,52.0299999999981
35.4166666666667,53.9899999999992,52.8200000000019
35.5,51.57,62.8200000000007
35.5833333333333,52.0100000000004,48.7299999999998
35.6666666666667,53.2499999999994,50.62
35.75,51.7900000000015,59.8000000000037
35.8333333333333,52.2799999999997,53.4799999999946
35.9166666666667,53.3399999999993,48.6200000000019
36,53.3599999999994,55.4000000000008
36.0833333333333,51.8499999999993,67.4599999999933
36.1666666666667,53.0999999999988,49.2400000000017
36.25,52.2100000000014,52.5500000000037
36.3333333333333,52.0200000000001,64.6400000000019
36.4166666666667,51.6000000000014,50.9599999999982
36.5,53.189999999999,53.1400000000025
36.5833333333333,51.3900000000014,57.7699999999945
36.6666666666667,52.5300000000001,48.6500000000013
36.75,52.6100000000003,60.3000000000012
36.8333333333333,51.929999999999,51.2699999999984
36.9166666666667,53.4199999999992,49.3300000000013
37,51.1200000000007,61.6900000000061
37.0833333333333,52.8999999999995,48.1099999999996
37.1666666666667,52.1500000000007,61.4500000000017
37.25,52.7699999999981,52.8899999999977
37.3333333333333,53.380000000001,50.7700000000031
37.4166666666667,52.8799999999996,58.9900000000031
37.5,51.2200000000006,58.5099999999999
37.5833333333333,52.0800000000002,50.5399999999979
37.6666666666667,53.4799999999997,50.2799999999993
37.75,53.7499999999989,60.2800000000031
37.8333333333333,52.659999999999,50.9399999999955
37.9166666666667,53.1000000000008,50.2299999999991
38,52.6099999999995,64.2899999999978
38.0833333333333,52.5300000000009,48.9299999999991
38.1666666666667,53.6299999999988,51.1700000000022
38.25,51.600000000001,62.6900000000014
38.3333333333333,52.4599999999999,58.1199999999955
38.4166666666667,51.8000000000014,51.009999999999
38.5,52.6100000000007,50.690000000001
38.5833333333333,52.4099999999984,62.4300000000022
38.6666666666667,51.939999999999,47.8800000000009
38.75,53.0800000000001,51.7000000000015
38.8333333333333,51.3300000000015,61.9700000000028
38.9166666666667,53.089999999999,47.85
39,54.1899999999993,50.0900000000018
39.0833333333333,52.6099999999995,60.3200000000036
39.1666666666667,52.6899999999998,51.7099999999973
39.25,52.4100000000016,51.8800000000025
39.3333333333333,53.1899999999989,63.5499999999965
39.4166666666667,51.8900000000016,49.3
39.5,51.9199999999936,54.01
39.5833333333333,51.8699999999997,63.4799999999912
39.6666666666667,51.7100000000001,48.6699999999989
39.75,53.1900000000004,51.2400000000025
39.8333333333333,51.1800000000009,60.6200000000052
39.9166666666667,53.1799999999988,47.2499999999999
40,53.0600000000002,54.2000000000022
40.0833333333333,52.7299999999991,64.5499999999996
40.1666666666667,51.5400000000018,50.2399999999968
40.25,53.3599999999998,54.8800000000016
40.3333333333333,52.0199999999992,63.7600000000015
40.4166666666667,52.0300000000006,48.6399999999995
40.5,54.0000000000009,52.3000000000013
40.5833333333333,51.2900000000007,65.5099999999962
40.6666666666667,52.97,47.4500000000001
40.75,52.8999999999999,56.8400000000029
40.8333333333333,51.8799999999988,60.1799999999969
40.9166666666667,52.6899999999996,46.8300000000017
41,52.7800000000009,61.4600000000024
41.0833333333333,51.4400000000014,57.259999999995
41.1666666666667,52.42,50.1100000000005
41.25,53.3799999999996,57.3199999999991
41.3333333333333,52.5400000000007,64.9099999999994
41.4166666666667,52.2099999999991,51.1999999999979
41.5,52.5199999999999,52.6700000000006
41.5833333333333,52.7199999999993,66.7399999999959
41.6666666666667,52.5699999999991,50.6300000000009
41.75,52.5599999999992,49.3100000000012
41.8333333333333,52.4200000000017,60.4899999999985
41.9166666666667,51.8000000000004,55.2599999999957
42,53.2699999999989,48.7799999999996
42.0833333333333,53.2699999999995,59.0800000000036
42.1666666666667,50.6800000000016,60.3999999999985
42.25,53.3699999999991,47.9500000000004
42.3333333333333,53.4400000000011,52.8700000000019
42.4166666666667,52.5499999999995,64.2199999999985
42.5,51.9500000000004,51.2799999999958
42.5833333333333,52.4900000000002,48.8
42.6666666666667,53.4099999999987,53.1800000000013
42.75,51.4500000000007,63.4800000000018
42.8333333333333,51.3300000000004,49.7199999999985
42.9166666666667,54.4399999999998,50.4900000000014
43,51.74,62.9700000000021
43.0833333333333,53.2600000000001,48.8100000000015
43.1666666666667,52.0400000000018,52.2699999999999
43.25,52.8399999999996,58.9600000000018
43.3333333333333,50.600000000001,58.6499999999938
43.4166666666667,53.4199999999984,50.1100000000003
43.5,53.2599999999999,53.9899999999999
43.5833333333333,51.5599999999999,67.8899999999897
43.6666666666667,53.5799999999995,49.3899999999996
43.75,52.2000000000026,55.5600000000032
43.8333333333333,51.9100000000002,61.1299999999939
43.9166666666667,52.9800000000013,47.99
44,53.2400000000002,56.4700000000037
44.0833333333333,51.450000000001,64.0799999999929
44.1666666666667,52.7999999999995,47.4500000000018
44.25,54.3499999999982,57.4600000000006
44.3333333333333,52.1100000000012,64.3599999999976
44.4166666666667,51.9500000000002,53.8999999999975
44.5,53.0499999999988,53.2499999999995
44.5833333333333,52.5399999999994,59.6899999999994
44.6666666666667,52.1900000000008,53.4299999999995
44.75,52.3200000000005,49.2300000000006
44.8333333333333,52.5399999999999,59.0000000000021
44.9166666666667,51.2100000000014,50.8799999999983
45,52.2100000000006,48.5300000000016
45.0833333333333,53.3099999999998,54.2000000000031
45.1666666666667,51.4800000000003,64.4299999999946
45.25,52.829999999999,48.6300000000015
45.3333333333333,53.2199999999985,55.6400000000005
45.4166666666667,52.8399999999989,59.69
45.5,52.72,53.3999999999977
45.5833333333333,51.9399999999994,49.6200000000028
45.6666666666667,51.8900000000015,50.440000000002
45.75,51.2200000000012,58.5900000000025
45.8333333333333,52.1799999999983,54.6599999999961
45.9166666666667,51.9900000000019,47.6999999999996
46,53.889999999998,56.6900000000023
46.0833333333333,51.8300000000017,55.8600000000005
46.1666666666667,53.1599999999997,53.4899999999987
46.25,52.8299999999985,53.8899999999965
46.3333333333333,45.4400000000005,67.9999999999971
46.4166666666667,53.0199999999988,64.6900000000054
46.5,54.7954999999988,69.7929999999983
46.5833333333333,61.2994999999993,64.6220000000037
46.6666666666667,61.0724999999993,45.1704999999984
46.75,61.5084999999989,65.7519999999983
46.8333333333333,60.3495000000015,51.271499999996
46.9166666666667,61.620500000001,45.0565000000015
47,62.3865000000003,48.7325000000008
47.0833333333333,62.8594999999996,56.7945000000018
47.1666666666667,59.5540000000001,68.9679999999973
47.25,62.9440000000022,47.5955000000027
47.3333333333333,62.8164999999999,54.7015000000012
47.4166666666667,60.4384999999995,69.5020000000021
47.5,62.7795000000004,49.3995000000013
47.5833333333333,63.1434999999998,56.7040000000025
47.6666666666667,62.171999999998,68.1460000000025
47.75,60.5050000000004,68.9685000000001
47.8333333333333,62.9535000000008,47.3205000000002
47.9166666666667,62.521,54.2200000000018
48,62.6014999999996,56.6885000000022
48.0833333333333,60.8814999999999,69.4205000000018
48.1666666666667,61.5789999999991,48.1274999999974
48.25,62.2020000000007,51.8849999999999
48.3333333333333,63.1704999999992,60.0295000000022
48.4166666666667,60.7654999999985,69.9900000000047
48.5,59.8605000000016,57.4329999999951
48.5833333333333,62.4274999999997,50.2334999999992
48.6666666666667,63.2869999999996,54.2285000000022
48.75,62.2849999999999,62.793000000006
48.8333333333333,61.3444999999991,68.5360000000006
48.9166666666667,62.8860000000011,49.234500000002
49,63.0604999999996,56.5740000000034
49.0833333333333,61.1604999999998,69.9114999999993
49.1666666666667,63.0265000000009,54.0955000000033
49.25,59.3575000000004,68.6345000000085
49.3333333333333,63.9935000000001,48.3855000000009
49.4166666666667,62.1884999999989,54.2159999999999
49.5,64.0609999999953,51.5665000000012
49.5833333333333,61.9220000000005,58.3140000000019
49.6666666666667,63.0375000000004,58.4149999999966
49.75,61.6565000000001,55.6934999999991
49.8333333333333,61.5065000000008,59.1529999999996
49.9166666666667,62.8414999999981,51.8969999999943
50,63.5029999999951,54.0374999999992
50.0833333333333,62.8589999999991,60.9450000000033
50.1666666666667,61.4714999999978,62.2525000000017
50.25,64.0905000000037,63.7820000000048
50.3333333333333,62.9895000000035,51.0950000000021
50.4166666666667,65.0380000000017,67.6379999999967
50.5,62.9475000000095,53.2670000000076
50.5833333333333,61.9160000000026,62.2920000000016
50.6666666666667,65.2139999999981,60.4070000000064
50.75,63.0214999999925,65.1779999999991
50.8333333333333,61.9490000000003,63.8635000000024
50.9166666666667,60.872000000001,58.6839999999925
51,62.4134999999997,51.5009999999997
51.0833333333333,61.532500000001,54.5605000000018
51.1666666666667,64.177999999992,69.7224999999955
51.25,61.9660000000011,53.3610000000006
51.3333333333333,64.9289999999965,54.1484999999976
51.4166666666667,62.7019999999983,61.2250000000046
51.5,60.219499999996,56.6409999999927
51.5833333333333,62.9395000000001,54.7140000000008
51.6666666666667,65.214000000001,59.5435000000035
51.75,62.5175000000007,59.5960000000014
51.8333333333333,61.0844999999998,59.4684999999988
51.9166666666667,62.6534999999953,57.484999999996
52,64.4199999999973,56.7300000000024
52.0833333333333,61.6234999999997,61.0385000000001
52.1666666666667,59.952500000002,62.3614999999917
52.25,61.1565000000048,68.6760000000037
52.3333333333333,71.9805000000012,54.7305000000005
52.4166666666667,69.6689999999932,64.7414999999887
52.5,60.6539999999984,61.4200000000074
52.5833333333333,62.8965000000056,53.5905000000055
52.6666666666667,62.5794999999984,61.167000000007
52.75,63.8739999999995,62.7559999999966
52.8333333333333,66.9255,62.0789999999988
52.9166666666667,62.6365000000021,51.8195000000054
53,60.9620000000036,67.5035000000032
53.0833333333333,67.6180000000018,56.793500000002
53.1666666666667,69.8894999999999,58.5495000000037
53.25,65.3285000000001,52.3745000000012
53.3333333333333,54.6439999999996,45.1764999999979
53.4166666666667,51.5449999999966,43.9029999999998
53.5,51.3949999999993,46.4220000000012
53.5833333333333,44.991999999999,69.190999999999
53.6666666666667,56.0129999999933,70.5559999999952
53.75,60.1275000000021,50.635000000001
53.8333333333333,49.3995000000005,42.6685000000001
53.9166666666667,47.129499999999,41.6180000000002
54,45.889500000001,45.220499999989
54.0833333333333,52.7680000000043,66.4645000000068
54.1666666666667,58.7929999999995,70.3180000000029
54.25,63.2145,50.3170000000005
54.3333333333333,62.8974999999996,58.9775000000022
54.4166666666667,60.5984999999998,65.3749999999913
54.5,61.8235000000005,48.8085000000013
54.5833333333333,63.2010000000006,54.9640000000014
54.6666666666667,61.7264999999974,66.6030000000051
54.75,61.5449999999987,69.6525000000029
54.8333333333333,61.6039999999998,51.8360000000001
54.9166666666667,61.9039999999989,52.5560000000022
55,62.4934999999991,63.8730000000069
55.0833333333333,61.1285000000004,68.1935000000003
55.1666666666667,61.9000000000018,49.8069999999993
55.25,63.0300000000012,52.4035000000017
55.3333333333333,62.261,60.7970000000016
55.4166666666667,68.2445000000038,52.4070000000058
55.5,58.635999999999,69.6444999999988
55.5833333333333,63.6115000000006,53.0635000000006
55.6666666666667,62.42,67.6680000000047
55.75,60.4370000000002,64.8604999999969
55.8333333333333,61.8090000000003,52.7204999999975
55.9166666666667,62.1574999999992,51.6284999999998
56,63.2505000000007,54.668000000002
56.0833333333333,62.0409999999991,65.7675000000028
56.1666666666667,60.6249999999999,69.0214999999952
56.25,62.3180000000011,49.3599999999991
56.3333333333333,62.4380000000003,53.235000000001
56.4166666666667,62.0299999999985,62.4740000000031
56.5,60.2984999999986,65.4554999999941
56.5833333333333,62.3514999999995,52.2325000000001
56.6666666666667,62.6169999999993,54.0929999999986
56.75,62.2394999999966,63.168000000005
56.8333333333333,59.2175000000043,68.4970000000003
56.9166666666667,61.2174999999998,55.6455000000003
57,63.1300000000006,54.2369999999996
57.0833333333333,62.5830000000005,57.097000000001
57.1666666666667,61.2454999999988,69.7159999999973
57.25,61.9780000000014,51.9134999999982
57.3333333333333,61.5725000000001,54.2749999999998
57.4166666666667,62.300500000004,53.0150000000025
57.5,62.7095000000004,56.3680000000038
57.5833333333333,61.7059999999998,66.6024999999998
57.6666666666667,60.6069999999996,62.5344999999935
57.75,62.279,53.3345000000023
57.8333333333333,63.1590000000008,54.6740000000004
57.9166666666667,62.0174999999977,63.678000000007
58,60.9935000000003,68.0239999999922
58.0833333333333,61.2905000000007,53.6239999999979
58.1666666666667,62.1709999999989,52.2794999999998
58.25,63.1805000000002,59.7375000000045
58.3333333333333,61.6585000000007,69.8349999999962
58.4166666666667,61.5730000000004,52.9634999999988
58.5,63.2945000000003,54.6625000000014
58.5833333333333,62.4009999999999,61.7955000000014
58.6666666666667,61.9404999999993,68.7760000000037
58.75,61.2654999999997,64.8064999999921
58.8333333333333,61.7794999999995,51.908
58.9166666666667,62.6419999999986,53.6705000000005
59,62.6340000000022,63.7425000000073
59.0833333333333,61.1459999999984,67.9114999999966
59.1666666666667,60.5894999999984,58.5664999999915
59.25,62.0709999999997,51.7470000000023
59.3333333333333,63.2245000000008,57.5090000000006
59.4166666666667,61.8399999999991,67.8130000000004
59.5,60.7030000000001,57.1109999999936
59.5833333333333,62.4285000000001,51.7210000000003
59.6666666666667,62.7385000000004,57.6470000000043
59.75,69.5800000000006,58.864000000001
59.8333333333333,62.8079999999989,50.9324999999997
59.9166666666667,70.0104999999949,62.7624999999946
60,60.5669999999981,70.3949999999954
60.0833333333333,61.5135000000001,52.8999999999997
60.1666666666667,62.2190000000006,51.5950000000019
60.25,61.7284999999989,54.4010000000009
60.3333333333333,62.3820000000008,63.3540000000025
60.4166666666667,61.7404999999984,69.6099999999997
60.5,61.9875000000004,52.3155000000003
60.5833333333333,61.9700000000002,53.013
60.6666666666667,62.5069999999987,62.7110000000024
60.75,60.5020000000033,69.2340000000048
60.8333333333333,60.9405000000004,55.1434999999994
60.9166666666667,62.377000000002,52.9310000000015
61,62.5529999999983,59.0375000000024
61.0833333333333,61.8189999999998,68.8715000000013
61.1666666666667,61.9825000000032,63.8989999999923
61.25,62.8545000000006,51.313000000001
61.3333333333333,62.0420000000002,56.4075000000016
61.4166666666667,62.4654999999985,66.8750000000052
61.5,60.8709999999989,70.1494999999937
61.5833333333333,61.1925000000007,57.2434999999963
61.6666666666667,62.7744999999979,52.1754999999988
61.75,62.263000000001,55.2829999999998
61.8333333333333,61.9809999999991,66.2420000000019
61.9166666666667,61.5045000000003,69.1425000000035
62,60.6175000000007,59.8784999999954
62.0833333333333,62.3710000000017,52.2395000000014
62.1666666666667,61.9960000000008,55.1455000000021
62.25,62.4410000000006,64.3360000000034
62.3333333333333,60.659499999999,69.6994999999998
62.4166666666667,61.1440000000004,50.8480000000005
62.5,63.049499999999,56.4965000000042
62.5833333333333,61.368500000003,68.0455000000037
62.6666666666667,60.9619999999998,65.9754999999932
62.75,60.3320000000027,55.1959999999981
62.8333333333333,63.3385000000014,53.8294999999994
62.9166666666667,63.0580000000014,59.2489999999991
63,61.5799999999997,66.3045000000044
63.0833333333333,61.9630000000001,69.6590000000094
63.1666666666667,61.2174999999998,67.9289999999897
63.25,62.3079999999991,50.8434999999994
63.3333333333333,62.4684999999985,56.1365000000025
63.4166666666667,61.749,66.7940000000051
63.5,61.3114999999993,60.1524999999923
63.5833333333333,61.3829999999977,51.9070000000023
63.6666666666667,62.4440000000019,54.9464999999998
63.75,62.3604999999999,58.0485000000072
63.8333333333333,62.915999999999,67.6960000000023
63.9166666666667,60.4369999999987,67.2189999999903
64,61.3849999999998,52.6789999999979
64.0833333333333,61.7525000000018,53.2270000000015
64.1666666666667,63.1509999999974,60.5110000000074
64.25,61.4134999999953,69.9100000000146
64.3333333333333,61.5025,58.4569999999963
64.4166666666667,63.4075000000018,51.7865000000018
64.5,62.9714999999998,58.2230000000069
64.5833333333333,61.6409999999983,68.3930000000008
64.6666666666667,61.7919999999992,59.3144999999856
64.75,62.919500000003,53.4159999999931
64.8333333333333,62.3065000000003,52.9474999999997
64.9166666666667,62.6374999999997,57.6725000000047
65,62.474999999999,65.6410000000107
65.0833333333333,61.6299999999995,69.4585000000004
65.1666666666667,60.5314999999972,55.8169999999834
65.25,62.9160000000004,51.6640000000016
65.3333333333333,62.8284999999988,54.9710000000011
65.4166666666667,62.8395000000028,63.2770000000081
65.5,61.0300000000027,69.3669999999945
65.5833333333333,62.0474999999997,53.6579999999977
65.6666666666667,62.5115000000003,53.8699999999996
65.75,62.5245000000006,57.3160000000077
65.8333333333333,61.7534999999994,60.5590000000024
65.9166666666667,61.6389999999982,67.5615000000038
66,61.2889999999986,70.0370000000018
66.0833333333333,61.5359999999989,53.2215000000004
66.1666666666667,62.8110000000014,53.3535000000047
66.25,62.5235000000006,64.4940000000096
66.3333333333333,61.123000000001,67.3444999999957
66.4166666666667,61.7320000000005,52.6849999999998
66.5,63.515500000002,55.8545000000073
66.5833333333333,62.4239999999991,64.2269999999975
66.6666666666667,61.8469999999994,67.0294999999898
66.75,61.9944999999973,55.4324999999939
66.8333333333333,62.174000000001,54.837
66.9166666666667,62.805000000002,55.7520000000031
67,62.2909999999961,63.1535000000105
67.0833333333333,61.9149999999998,67.3780000000021
67.1666666666667,61.428500000001,64.5809999999892
67.25,61.749500000001,51.0780000000052
67.3333333333333,62.4859999999999,55.8225000000003
67.4166666666667,62.0485000000006,67.1315000000055
67.5,61.1824999999978,61.1764999999835
67.5833333333333,62.5984999999998,52.4162500000003
67.6666666666667,63.2800000000009,56.6915000000033
67.75,62.2599999999987,66.7840000000009
67.8333333333333,62.0154999999994,68.5369999999978
67.9166666666667,61.4440000000006,55.3744999999891
68,61.5309999999974,54.2289999999939
68.0833333333333,62.6115000000007,54.7850000000021
68.1666666666667,63.0905000000002,62.0575000000023
68.25,61.5674999999975,70.9729999999982
68.3333333333333,62.0539999999978,61.1559999999987
68.4166666666667,62.0904999999989,52.1010000000005
68.5,62.5630000000015,56.5515000000058
68.5833333333333,62.4954999999991,64.9355000000008
68.6666666666667,60.888999999996,67.6679999999964
68.75,60.9909999999987,58.2664999999875
68.8333333333333,61.4780000000006,54.6624999999994
68.9166666666667,63.0505000000024,55.5969999999999
69,62.2479999999999,57.9020000000021
69.0833333333333,62.5099999999996,60.7590000000018
69.1666666666667,61.7729999999984,66.2205000000111
69.25,60.8054999999974,68.974999999995
69.3333333333333,61.2625000000006,51.2180000000003
69.4166666666667,63.0844999999982,54.9400000000026
69.5,61.9190000000006,64.3820000000081
69.5833333333333,61.1404999999995,68.7440000000057
69.6666666666667,61.2549999999998,52.9504999999985
69.75,62.7929999999969,54.9720000000035
69.8333333333333,61.7735000000017,57.0855000000014
69.9166666666667,61.8469999999977,64.4120000000057
