Datum,Temperatur (°C),Feuchtigkeit (°C),Druck (hPa),RSSI (dBm),Spannung (V),Beschleunigung X (g),Beschleunigung Y (g),Beschleunigung Z (g),Bewegungszähler (Bewegungen),TX-Leistung (dBm),Messsequenznummer
2026-01-21 15:51:15,22.9,29.44,,,3.143,0,-0.02,1.004,0,4,9023
2026-01-21 15:51:17,22.89,29.39,,,3.143,-0.004,-0.02,1,0,4,9024
2026-01-21 15:51:20,22.89,29.38,,,3.143,0,-0.024,0.996,0,4,9025
2026-01-21 15:51:22,22.89,29.38,,,3.143,-0.004,-0.024,1.004,0,4,9026
2026-01-21 15:51:25,22.88,29.4,,,3.143,0.008,-0.02,1,0,4,9027
2026-01-21 15:51:28,22.89,29.37,,,3.143,0,-0.02,0.996,0,4,9028
2026-01-21 15:51:30,22.88,29.38,,,3.143,0.004,-0.028,1,0,4,9029
2026-01-21 15:51:32,22.89,29.37,,,3.143,0,-0.02,1,0,4,9030
2026-01-21 15:51:35,22.89,29.39,,,3.143,0.004,-0.02,1,0,4,9031
2026-01-21 15:51:38,22.89,29.38,,,3.143,0,-0.016,1.004,0,4,9032
2026-01-21 15:51:41,22.88,29.38,,,3.143,0.004,-0.02,1.008,0,4,9033
2026-01-21 15:51:43,22.89,29.41,,,3.143,-0.008,-0.024,1,0,4,9034
2026-01-21 15:51:46,22.88,29.4,,,3.15,0.008,-0.02,1.008,0,4,9035
2026-01-21 15:56:46,23.86,30.61,,,3.154,0.62,-0.844,-0.132,55,4,9152
2026-01-21 15:57:12,23.9,30.48,,,3.154,0.62,-0.848,-0.128,55,4,9162
2026-01-21 15:57:15,23.91,30.47,,,3.154,0.62,-0.844,-0.14,55,4,9163
2026-01-21 15:57:17,23.91,30.46,,,3.154,0.62,-0.848,-0.136,55,4,9164
2026-01-21 15:57:20,23.93,30.43,,,3.154,0.62,-0.848,-0.136,55,4,9165
2026-01-21 15:57:22,23.91,30.43,,,3.154,0.62,-0.852,-0.132,55,4,9166
2026-01-21 15:57:25,23.93,30.44,,,3.154,0.624,-0.848,-0.136,55,4,9167
2026-01-21 15:57:27,23.93,30.42,,,3.154,0.62,-0.844,-0.136,55,4,9168
2026-01-21 15:57:30,23.94,30.44,,,3.154,0.616,-0.84,-0.132,55,4,9169
2026-01-21 15:57:32,23.94,30.43,,,3.154,0.62,-0.844,-0.136,55,4,9170
2026-01-21 15:57:35,23.95,30.4,,,3.154,0.624,-0.844,-0.136,55,4,9171
2026-01-21 15:57:38,23.95,30.4,,,3.154,0.616,-0.848,-0.132,55,4,9172
2026-01-21 15:57:40,23.96,30.4,,,3.154,0.62,-0.84,-0.136,55,4,9173
2026-01-21 15:57:43,23.96,30.42,,,3.154,0.616,-0.848,-0.132,55,4,9174
2026-01-21 15:57:45,23.96,30.42,,,3.164,0.62,-0.848,-0.136,55,4,9175
2026-01-21 15:57:48,23.98,30.42,,,3.164,0.616,-0.856,-0.136,55,4,9176
2026-01-21 15:57:50,23.97,30.39,,,3.164,0.624,-0.852,-0.132,55,4,9177
2026-01-21 15:57:53,23.97,30.37,,,3.164,0.62,-0.852,-0.128,55,4,9178
2026-01-21 15:57:55,23.99,30.39,,,3.164,0.624,-0.848,-0.128,55,4,9179
2026-01-21 15:57:58,23.99,30.38,,,3.164,0.62,-0.852,-0.136,55,4,9180
2026-01-21 15:58:00,23.99,30.38,,,3.164,0.624,-0.852,-0.14,55,4,9181
2026-01-21 15:58:03,23.98,30.4,,,3.164,0.612,-0.844,-0.136,55,4,9182
2026-01-21 15:59:33,24.23,30.45,,,3.168,0.632,-0.844,-0.132,55,4,9217
2026-01-21 15:59:36,24.25,30.45,,,3.168,0.632,-0.836,-0.128,55,4,9218
2026-01-21 15:59:38,24.25,30.44,,,3.168,0.628,-0.848,-0.136,55,4,9219
2026-01-21 15:59:41,24.26,30.49,,,3.168,0.632,-0.844,-0.128,55,4,9220
2026-01-21 15:59:44,24.26,30.47,,,3.168,0.628,-0.844,-0.132,55,4,9221
2026-01-21 15:59:46,24.28,30.47,,,3.161,0.628,-0.84,-0.124,55,4,9222
2026-01-21 15:59:49,24.29,30.48,,,3.161,0.632,-0.844,-0.132,55,4,9223
2026-01-21 16:03:40,25.97,30.23,,,3.164,0.632,-0.844,-0.132,55,4,9313
2026-01-21 16:03:43,26,30.23,,,3.164,0.628,-0.848,-0.124,55,4,9314
2026-01-21 16:03:45,26.01,30.23,,,3.164,0.628,-0.844,-0.124,55,4,9315
2026-01-21 16:03:48,26.05,30.2,,,3.196,0.62,-0.84,-0.132,55,4,9316
2026-01-21 16:03:50,26.07,30.2,,,3.196,0.632,-0.848,-0.132,55,4,9317
2026-01-21 16:03:53,26.1,30.21,,,3.196,0.632,-0.844,-0.132,55,4,9318
2026-01-21 16:03:55,26.14,30.18,,,3.196,0.632,-0.844,-0.136,55,4,9319
2026-01-21 16:03:58,26.16,30.18,,,3.196,0.632,-0.84,-0.12,55,4,9320
2026-01-21 16:04:01,26.18,30.14,,,3.196,0.632,-0.844,-0.128,55,4,9321
2026-01-21 16:07:54,28.77,29.16,,,3.168,0.624,-0.84,-0.124,57,4,9412
2026-01-21 16:07:57,28.78,29.13,,,3.168,0.632,-0.84,-0.124,57,4,9413
2026-01-21 16:07:59,28.8,29.13,,,3.168,0.632,-0.836,-0.132,57,4,9414
2026-01-21 16:08:02,28.85,29.12,,,3.168,0.628,-0.844,-0.12,57,4,9415
2026-01-21 16:08:05,28.87,29.08,,,3.168,0.632,-0.84,-0.12,57,4,9416
2026-01-21 16:08:07,28.89,29.08,,,3.168,0.64,-0.844,-0.124,57,4,9417
2026-01-21 16:08:10,28.93,29.09,,,3.168,0.632,-0.844,-0.12,57,4,9418
2026-01-21 16:08:12,28.96,29.04,,,3.168,0.628,-0.84,-0.124,57,4,9419
2026-01-21 16:08:15,28.99,29.05,,,3.168,0.632,-0.844,-0.132,57,4,9420
2026-01-21 16:08:18,29.02,29.04,,,3.168,0.636,-0.84,-0.124,57,4,9421
2026-01-21 16:08:20,29.06,29.03,,,3.168,0.636,-0.84,-0.124,57,4,9422
2026-01-21 16:08:23,29.08,29.02,,,3.168,0.624,-0.848,-0.132,57,4,9423
2026-01-21 16:12:30,31.65,28.02,,,3.171,0.956,0.352,0.12,66,4,9519
2026-01-21 16:12:32,31.67,28.03,,,3.171,0.956,0.352,0.128,66,4,9520
2026-01-21 16:12:35,31.69,28.03,,,3.171,0.956,0.348,0.128,66,4,9521
2026-01-21 16:12:37,31.73,28,,,3.171,0.964,0.348,0.128,66,4,9522
2026-01-21 16:12:40,31.74,27.99,,,3.171,0.96,0.352,0.12,66,4,9523
2026-01-21 16:12:42,31.77,28,,,3.171,0.968,0.348,0.12,66,4,9524
2026-01-21 16:12:45,31.79,27.99,,,3.171,0.96,0.344,0.12,66,4,9525
2026-01-21 16:12:47,31.82,27.97,,,3.171,0.96,0.356,0.124,66,4,9526
2026-01-21 16:12:50,31.84,27.97,,,3.171,0.96,0.352,0.124,66,4,9527
2026-01-21 16:12:52,31.87,27.96,,,3.171,0.956,0.352,0.128,66,4,9528
2026-01-21 16:12:55,31.9,27.94,,,3.171,0.96,0.356,0.12,66,4,9529
2026-01-21 16:12:58,31.92,27.94,,,3.171,0.968,0.352,0.12,66,4,9530
2026-01-21 16:13:01,31.94,27.92,,,3.171,0.956,0.352,0.12,66,4,9531
2026-01-21 16:13:03,31.98,27.92,,,3.171,0.96,0.356,0.128,66,4,9532
2026-01-21 16:13:05,32,27.92,,,3.171,0.96,0.36,0.12,66,4,9533
2026-01-21 16:13:08,32.03,27.89,,,3.171,0.968,0.356,0.124,66,4,9534
2026-01-21 16:13:10,32.04,27.9,,,3.171,0.96,0.348,0.124,66,4,9535
2026-01-21 16:13:13,32.07,27.92,,,3.171,0.96,0.356,0.128,66,4,9536
2026-01-21 16:13:54,32.5,27.74,,,3.175,0.96,0.356,0.124,66,4,9552
2026-01-21 16:13:57,32.54,27.69,,,3.175,0.964,0.348,0.124,66,4,9553
2026-01-21 16:13:59,32.58,27.68,,,3.175,0.96,0.356,0.124,66,4,9554
2026-01-21 16:14:02,32.61,27.69,,,3.175,0.96,0.352,0.12,66,4,9555
2026-01-21 16:14:04,32.64,27.67,,,3.175,0.956,0.352,0.128,66,4,9556
2026-01-21 16:14:07,32.66,27.66,,,3.175,0.956,0.352,0.128,66,4,9557
2026-01-21 16:15:50,33.69,27.18,,,3.178,0.956,0.348,0.116,67,4,9597
2026-01-21 16:15:53,33.7,27.15,,,3.192,0.96,0.36,0.124,67,4,9598
2026-01-21 16:15:55,33.74,27.14,,,3.192,0.96,0.36,0.124,67,4,9599
2026-01-21 16:15:58,33.76,27.16,,,3.192,0.956,0.356,0.12,67,4,9600
2026-01-21 16:16:00,33.79,27.13,,,3.192,0.96,0.356,0.124,67,4,9601
2026-01-21 16:16:03,33.79,27.11,,,3.192,0.96,0.356,0.124,67,4,9602
2026-01-21 16:16:05,33.82,27.11,,,3.192,0.956,0.356,0.128,67,4,9603
2026-01-21 16:16:08,33.84,27.1,,,3.192,0.956,0.352,0.12,67,4,9604
2026-01-21 16:16:10,33.86,27.11,,,3.192,0.952,0.356,0.136,67,4,9605
2026-01-21 16:16:13,33.89,27.08,,,3.192,0.952,0.352,0.12,67,4,9606
2026-01-21 16:16:15,33.93,27.05,,,3.192,0.96,0.352,0.132,67,4,9607
2026-01-21 16:17:02,34.3,26.87,,,3.203,0.956,0.36,0.128,67,4,9625
2026-01-21 16:17:04,34.33,26.84,,,3.203,0.956,0.356,0.128,67,4,9626
2026-01-21 16:17:07,34.35,26.84,,,3.203,0.956,0.352,0.124,67,4,9627
2026-01-21 16:17:10,34.36,26.84,,,3.203,0.96,0.356,0.12,67,4,9628
2026-01-21 16:17:12,34.39,26.85,,,3.203,0.956,0.356,0.128,67,4,9629
2026-01-21 16:17:15,34.42,26.8,,,3.203,0.956,0.364,0.128,67,4,9630
2026-01-21 16:17:56,34.71,26.64,,,3.196,-0.864,0.456,0.124,69,4,9646
2026-01-21 16:17:58,34.72,26.61,,,3.196,-0.86,0.452,0.12,69,4,9647
2026-01-21 16:18:01,34.74,26.6,,,3.196,-0.864,0.46,0.12,69,4,9648
2026-01-21 16:18:04,34.74,26.59,,,3.196,-0.864,0.452,0.112,69,4,9649
2026-01-21 16:18:06,34.76,26.6,,,3.196,-0.864,0.46,0.112,69,4,9650
2026-01-21 16:18:09,34.77,26.58,,,3.196,-0.856,0.456,0.108,69,4,9651
2026-01-21 16:18:11,34.77,26.57,,,3.196,-0.86,0.456,0.12,69,4,9652
2026-01-21 16:18:14,34.79,26.57,,,3.196,-0.868,0.456,0.108,69,4,9653
2026-01-21 16:18:16,34.8,26.56,,,3.196,-0.864,0.46,0.112,69,4,9654
2026-01-21 16:18:19,34.79,26.56,,,3.196,-0.864,0.46,0.12,69,4,9655
2026-01-21 16:18:21,34.81,26.57,,,3.196,-0.86,0.46,0.12,69,4,9656
2026-01-21 16:18:24,34.82,26.52,,,3.196,-0.868,0.452,0.12,69,4,9657
2026-01-21 16:18:27,34.82,26.52,,,3.196,-0.86,0.456,0.108,69,4,9658
2026-01-21 16:18:29,34.85,26.55,,,3.196,-0.86,0.452,0.116,69,4,9659
2026-01-21 16:18:32,34.87,26.53,,,3.196,-0.864,0.46,0.124,69,4,9660
2026-01-21 16:20:35,35.27,26.54,,,3.175,-0.176,0.996,0.236,75,4,9708
2026-01-21 16:20:38,35.26,26.52,,,3.175,-0.18,0.996,0.244,75,4,9709
2026-01-21 16:20:40,35.28,26.53,,,3.175,-0.176,0.988,0.24,75,4,9710
2026-01-21 16:20:43,35.29,26.5,,,3.175,-0.176,0.992,0.248,75,4,9711
2026-01-21 16:20:45,35.32,26.52,,,3.175,-0.172,0.992,0.24,75,4,9712
2026-01-21 16:20:48,35.32,26.5,,,3.175,-0.176,0.988,0.24,75,4,9713
2026-01-21 16:20:50,35.33,26.5,,,3.175,-0.176,0.996,0.24,75,4,9714
2026-01-21 16:20:53,35.35,26.52,,,3.178,-0.176,0.992,0.236,75,4,9715
2026-01-21 16:20:55,35.35,26.51,,,3.178,-0.18,0.992,0.24,75,4,9716
2026-01-21 16:20:58,35.37,26.5,,,3.178,-0.172,0.996,0.232,75,4,9717
2026-01-21 16:21:01,35.37,26.53,,,3.178,-0.176,0.992,0.248,75,4,9718
2026-01-21 16:21:03,35.39,26.5,,,3.178,-0.176,0.992,0.244,75,4,9719
2026-01-21 16:21:06,35.4,26.5,,,3.178,-0.172,0.996,0.24,75,4,9720
2026-01-21 16:21:08,35.41,26.5,,,3.178,-0.176,0.996,0.248,75,4,9721
2026-01-21 16:21:11,35.43,26.51,,,3.178,-0.176,0.992,0.24,75,4,9722
2026-01-21 16:21:14,35.44,26.47,,,3.178,-0.176,0.992,0.244,75,4,9723
2026-01-21 16:21:16,35.46,26.51,,,3.178,-0.172,0.992,0.236,75,4,9724
2026-01-21 16:23:07,35.96,26.44,,,3.175,0.036,-1.052,-0.172,81,4,9767
2026-01-21 16:23:09,35.97,26.44,,,3.175,0.036,-1.06,-0.172,81,4,9768
2026-01-21 16:23:12,35.99,26.47,,,3.175,0.036,-1.044,-0.176,81,4,9769
2026-01-21 16:23:14,36.01,26.47,,,3.175,0.036,-1.056,-0.168,81,4,9770
2026-01-21 16:23:17,36.04,26.44,,,3.175,0.036,-1.056,-0.168,81,4,9771
2026-01-21 16:23:19,36.04,26.44,,,3.175,0.028,-1.06,-0.176,81,4,9772
2026-01-21 16:23:22,36.07,26.44,,,3.175,0.036,-1.064,-0.18,81,4,9773
2026-01-21 16:23:25,36.08,26.45,,,3.175,0.04,-1.052,-0.18,81,4,9774
2026-01-21 16:23:27,36.11,26.42,,,3.175,0.032,-1.052,-0.164,81,4,9775
2026-01-21 16:23:30,36.11,26.44,,,3.175,0.036,-1.056,-0.168,81,4,9776
2026-01-21 16:23:33,36.14,26.41,,,3.175,0.036,-1.052,-0.176,81,4,9777
2026-01-21 16:23:35,36.14,26.41,,,3.175,0.036,-1.048,-0.172,81,4,9778
2026-01-21 16:23:38,36.17,26.44,,,3.175,0.032,-1.056,-0.176,81,4,9779
2026-01-21 16:23:40,36.2,26.42,,,3.175,0.036,-1.048,-0.172,81,4,9780
2026-01-21 16:23:43,36.21,26.38,,,3.175,0.032,-1.052,-0.184,81,4,9781
2026-01-21 16:23:45,36.23,26.39,,,3.175,0.032,-1.052,-0.18,81,4,9782
2026-01-21 16:23:48,36.24,26.4,,,3.175,0.036,-1.052,-0.172,81,4,9783
2026-01-21 16:23:50,36.28,26.38,,,3.175,0.04,-1.056,-0.172,81,4,9784
2026-01-21 16:23:53,36.29,26.37,,,3.175,0.036,-1.048,-0.176,81,4,9785
2026-01-21 16:23:55,36.32,26.37,,,3.178,0.036,-1.048,-0.176,81,4,9786
2026-01-21 16:25:28,37.02,26.1,,,3.182,0.032,-1.052,-0.172,83,4,9822
2026-01-21 16:25:30,37.04,26.09,,,3.182,0.036,-1.048,-0.172,83,4,9823
2026-01-21 16:25:33,37.07,26.1,,,3.182,0.04,-1.048,-0.168,83,4,9824
2026-01-21 16:25:36,37.09,26.07,,,3.182,0.032,-1.056,-0.164,83,4,9825
2026-01-21 16:25:39,37.1,26.05,,,3.182,0.036,-1.052,-0.172,83,4,9826
2026-01-21 16:25:41,37.13,26.08,,,3.182,0.032,-1.056,-0.168,83,4,9827
2026-01-21 16:25:44,37.14,26.06,,,3.182,0.032,-1.048,-0.172,83,4,9828
2026-01-21 16:25:46,37.17,26.06,,,3.182,0.032,-1.056,-0.172,83,4,9829
2026-01-21 16:25:49,37.17,26.03,,,3.182,0.04,-1.052,-0.164,83,4,9830
2026-01-21 16:27:52,38.01,25.59,,,3.199,0.04,-1.056,-0.176,83,4,9878
2026-01-21 16:27:55,38.04,25.61,,,3.196,0.04,-1.052,-0.176,83,4,9879
2026-01-21 16:27:57,38.07,25.59,,,3.196,0.036,-1.048,-0.172,83,4,9880
2026-01-21 16:28:00,38.06,25.59,,,3.196,0.04,-1.052,-0.172,83,4,9881
2026-01-21 16:28:02,38.07,25.58,,,3.196,0.032,-1.06,-0.176,83,4,9882
2026-01-21 16:28:05,38.1,25.56,,,3.196,0.036,-1.056,-0.172,83,4,9883
2026-01-21 16:28:07,38.11,25.55,,,3.196,0.036,-1.06,-0.168,83,4,9884
2026-01-21 16:28:23,38.2,25.5,,,3.196,0.032,-1.056,-0.176,83,4,9890
2026-01-21 16:28:25,38.21,25.49,,,3.196,0.036,-1.056,-0.168,83,4,9891
2026-01-21 16:28:28,38.24,25.5,,,3.196,0.032,-1.052,-0.172,83,4,9892
2026-01-21 16:28:30,38.24,25.46,,,3.196,0.04,-1.06,-0.176,83,4,9893
2026-01-21 16:28:33,38.25,25.47,,,3.196,0.04,-1.048,-0.18,83,4,9894
2026-01-21 16:28:35,38.27,25.47,,,3.196,0.036,-1.056,-0.18,83,4,9895
2026-01-21 16:28:38,38.28,25.45,,,3.196,0.04,-1.056,-0.172,83,4,9896
2026-01-21 16:28:41,38.3,25.43,,,3.196,0.04,-1.056,-0.176,83,4,9897
2026-01-21 16:28:43,38.32,25.43,,,3.196,0.04,-1.056,-0.172,83,4,9898
2026-01-21 16:28:46,38.33,25.43,,,3.196,0.032,-1.048,-0.176,83,4,9899
2026-01-21 16:29:37,38.58,25.3,,,3.199,0.036,-1.052,-0.176,83,4,9919
2026-01-21 16:29:40,38.59,25.3,,,3.199,0.044,-1.052,-0.184,83,4,9920
2026-01-21 16:29:42,38.58,25.29,,,3.199,0.04,-1.056,-0.176,83,4,9921
2026-01-21 16:29:45,38.63,25.29,,,3.199,0.036,-1.056,-0.176,83,4,9922
2026-01-21 16:29:47,38.63,25.29,,,3.199,0.04,-1.044,-0.168,83,4,9923
2026-01-21 16:29:50,38.64,25.26,,,3.199,0.04,-1.052,-0.168,83,4,9924
2026-01-21 16:29:52,38.65,25.27,,,3.199,0.04,-1.056,-0.172,83,4,9925
2026-01-21 16:29:55,38.67,25.26,,,3.199,0.036,-1.056,-0.18,83,4,9926
2026-01-21 16:29:59,38.67,25.26,,,3.175,0.04,-1.056,-0.168,83,4,9927
2026-01-21 16:30:01,38.68,25.23,,,3.175,0.036,-1.056,-0.168,83,4,9928
2026-01-21 16:30:03,38.69,25.25,,,3.175,0.028,-1.056,-0.168,83,4,9929
2026-01-21 16:30:06,38.72,25.23,,,3.175,0.04,-1.048,-0.176,83,4,9930
2026-01-21 16:30:08,38.71,25.23,,,3.175,0.048,-1.064,-0.168,83,4,9931
2026-01-21 16:30:11,38.74,25.24,,,3.175,0.04,-1.052,-0.172,83,4,9932
2026-01-21 16:30:13,38.74,25.24,,,3.175,0.044,-1.056,-0.172,83,4,9933
2026-01-21 16:30:16,38.75,25.21,,,3.175,0.036,-1.056,-0.168,83,4,9934
2026-01-21 16:30:19,38.77,25.19,,,3.175,0.036,-1.056,-0.168,83,4,9935
2026-01-21 16:30:21,38.79,25.22,,,3.175,0.036,-1.052,-0.172,83,4,9936
2026-01-21 16:30:24,38.78,25.2,,,3.175,0.04,-1.044,-0.164,83,4,9937
2026-01-21 16:30:26,38.82,25.19,,,3.175,0.036,-1.052,-0.164,83,4,9938
2026-01-21 16:30:29,38.82,25.2,,,3.175,0.04,-1.052,-0.172,83,4,9939
2026-01-21 16:30:31,38.84,25.2,,,3.175,0.032,-1.056,-0.172,83,4,9940
2026-01-21 16:30:34,38.84,25.18,,,3.175,0.036,-1.052,-0.168,83,4,9941
2026-01-21 16:30:36,38.85,25.17,,,3.175,0.04,-1.052,-0.176,83,4,9942
2026-01-21 16:30:39,38.86,25.18,,,3.175,0.04,-1.056,-0.168,83,4,9943
2026-01-21 16:30:41,38.87,25.15,,,3.175,0.032,-1.052,-0.172,83,4,9944
2026-01-21 16:30:44,38.89,25.16,,,3.175,0.032,-1.052,-0.172,83,4,9945
2026-01-21 16:30:47,38.9,25.15,,,3.175,0.036,-1.052,-0.172,83,4,9946
2026-01-21 16:30:49,38.92,25.14,,,3.175,0.036,-1.056,-0.172,83,4,9947
2026-01-21 16:30:52,38.92,25.17,,,3.175,0.028,-1.056,-0.164,83,4,9948
2026-01-21 16:30:54,38.94,25.14,,,3.175,0.04,-1.052,-0.172,83,4,9949
2026-01-21 16:30:57,38.96,25.15,,,3.175,0.04,-1.06,-0.172,83,4,9950
2026-01-21 16:30:59,38.96,25.13,,,3.175,0.036,-1.056,-0.172,83,4,9951
2026-01-21 16:31:02,38.99,25.12,,,3.175,0.04,-1.052,-0.168,83,4,9952
2026-01-21 16:31:05,38.99,25.16,,,3.175,0.04,-1.056,-0.172,83,4,9953
2026-01-21 16:31:07,39,25.12,,,3.175,0.04,-1.052,-0.176,83,4,9954
2026-01-21 16:31:10,39.01,25.12,,,3.175,0.036,-1.052,-0.172,83,4,9955
2026-01-21 16:31:41,39.16,25.07,,,3.175,0.04,-1.052,-0.168,83,4,9967
2026-01-21 16:31:43,39.17,25.07,,,3.175,0.032,-1.048,-0.18,83,4,9968
2026-01-21 16:31:46,39.21,25.05,,,3.175,0.04,-1.048,-0.168,83,4,9969
2026-01-21 16:31:48,39.21,25.07,,,3.175,0.036,-1.048,-0.176,83,4,9970
2026-01-21 16:31:51,39.22,25.05,,,3.175,0.036,-1.056,-0.172,83,4,9971
2026-01-21 16:31:53,39.24,25.02,,,3.175,0.04,-1.06,-0.172,83,4,9972
2026-01-21 16:31:56,39.25,25.05,,,3.175,0.036,-1.056,-0.172,83,4,9973
2026-01-21 16:31:58,39.28,25.04,,,3.178,0.036,-1.056,-0.176,83,4,9974
2026-01-21 16:32:01,39.28,25.03,,,3.178,0.036,-1.064,-0.168,83,4,9975
2026-01-21 16:32:04,39.28,25.04,,,3.178,0.036,-1.056,-0.172,83,4,9976
2026-01-21 16:32:06,39.31,25.01,,,3.178,0.036,-1.052,-0.172,83,4,9977
2026-01-21 16:32:09,39.32,25.02,,,3.178,0.036,-1.052,-0.168,83,4,9978
2026-01-21 16:32:12,39.32,25.01,,,3.178,0.048,-1.056,-0.176,83,4,9979
2026-01-21 16:32:14,39.36,25,,,3.178,0.04,-1.052,-0.172,83,4,9980
2026-01-21 16:32:17,39.36,25,,,3.178,0.04,-1.056,-0.176,83,4,9981
2026-01-21 16:32:19,39.36,24.97,,,3.178,0.032,-1.056,-0.172,83,4,9982
2026-01-21 16:32:22,39.39,24.98,,,3.178,0.036,-1.056,-0.164,83,4,9983
2026-01-21 16:32:24,39.4,24.99,,,3.178,0.036,-1.056,-0.172,83,4,9984
2026-01-21 16:32:27,39.42,24.97,,,3.178,0.04,-1.056,-0.168,83,4,9985
2026-01-21 16:32:30,39.44,24.94,,,3.178,0.036,-1.056,-0.172,83,4,9986
2026-01-21 16:32:32,39.44,24.95,,,3.178,0.032,-1.06,-0.16,83,4,9987
2026-01-21 16:32:35,39.46,24.97,,,3.178,0.036,-1.048,-0.168,83,4,9988
2026-01-21 16:32:37,39.49,24.94,,,3.178,0.036,-1.048,-0.172,83,4,9989
2026-01-21 16:32:40,39.48,24.94,,,3.178,0.036,-1.056,-0.168,83,4,9990
2026-01-21 16:33:39,39.78,24.79,,,3.175,0.036,-1.056,-0.172,83,4,10013
2026-01-21 16:33:41,39.82,24.79,,,3.175,0.036,-1.048,-0.168,83,4,10014
2026-01-21 16:33:44,39.82,24.76,,,3.175,0.04,-1.056,-0.172,83,4,10015
2026-01-21 16:33:47,39.84,24.74,,,3.175,0.036,-1.052,-0.16,83,4,10016
2026-01-21 16:33:49,39.85,24.74,,,3.175,0.04,-1.052,-0.172,83,4,10017
2026-01-21 16:33:52,39.87,24.75,,,3.175,0.04,-1.056,-0.18,83,4,10018
2026-01-21 16:33:54,39.87,24.75,,,3.175,0.036,-1.052,-0.168,83,4,10019
2026-01-21 16:33:57,39.88,24.74,,,3.175,0.032,-1.056,-0.168,83,4,10020
2026-01-21 16:33:59,39.9,24.73,,,3.175,0.036,-1.052,-0.164,83,4,10021
2026-01-21 16:34:02,39.92,24.75,,,3.175,0.044,-1.052,-0.172,83,4,10022
2026-01-21 16:34:04,39.91,24.7,,,3.175,0.044,-1.056,-0.164,83,4,10023
2026-01-21 16:34:07,39.94,24.72,,,3.175,0.036,-1.06,-0.172,83,4,10024
2026-01-21 16:34:10,39.94,24.69,,,3.175,0.036,-1.056,-0.176,83,4,10025
2026-01-21 16:34:12,39.95,24.7,,,3.175,0.044,-1.052,-0.168,83,4,10026
2026-01-21 16:34:15,39.97,24.7,,,3.175,0.044,-1.052,-0.172,83,4,10027
2026-01-21 16:34:46,40.1,24.64,,,3.175,0.044,-1.06,-0.172,83,4,10039
2026-01-21 16:34:48,40.12,24.62,,,3.175,0.036,-1.056,-0.172,83,4,10040
2026-01-21 16:34:51,40.14,24.6,,,3.175,0.04,-1.056,-0.168,83,4,10041
2026-01-21 16:34:53,40.15,24.61,,,3.175,0.04,-1.048,-0.172,83,4,10042
2026-01-21 16:35:09,40.21,24.57,,,3.175,0.04,-1.056,-0.164,83,4,10048
2026-01-21 16:35:11,40.24,24.56,,,3.175,0.036,-1.056,-0.176,83,4,10049
2026-01-21 16:35:14,40.24,24.56,,,3.175,0.044,-1.052,-0.168,83,4,10050
2026-01-21 16:35:16,40.25,24.54,,,3.175,0.032,-1.052,-0.172,83,4,10051
2026-01-21 16:35:19,40.24,24.54,,,3.175,0.04,-1.056,-0.172,83,4,10052
2026-01-21 16:35:21,40.27,24.56,,,3.175,0.036,-1.056,-0.164,83,4,10053
2026-01-21 16:35:24,40.27,24.52,,,3.175,0.032,-1.068,-0.172,83,4,10054
2026-01-21 16:35:27,40.28,24.52,,,3.175,0.04,-1.052,-0.176,83,4,10055
2026-01-21 16:35:30,40.29,24.53,,,3.175,0.032,-1.056,-0.168,83,4,10056
2026-01-21 16:35:32,40.31,24.51,,,3.175,0.036,-1.056,-0.172,83,4,10057
2026-01-21 16:35:35,40.3,24.51,,,3.175,0.044,-1.06,-0.176,83,4,10058
2026-01-21 16:35:37,40.32,24.52,,,3.175,0.04,-1.048,-0.18,83,4,10059
2026-01-21 16:35:40,40.32,24.52,,,3.175,0.032,-1.064,-0.164,83,4,10060
2026-01-21 16:35:42,40.33,24.5,,,3.175,0.044,-1.044,-0.176,83,4,10061
2026-01-21 16:35:45,40.35,24.49,,,3.175,0.408,0.944,0.216,84,4,10062
2026-01-21 16:35:47,40.35,24.5,,,3.175,-0.376,0.848,0.216,85,4,10063
2026-01-21 16:35:50,40.37,24.49,,,3.175,-1.224,0.116,0.064,85,4,10064
2026-01-21 16:35:53,40.39,24.51,,,3.175,-0.708,-0.76,-0.188,86,4,10065
2026-01-21 16:35:55,40.38,24.46,,,3.175,-0.128,-1.06,-0.168,86,4,10066
2026-01-21 16:35:58,40.41,24.45,,,3.175,-0.132,-1.036,-0.172,86,4,10067
2026-01-21 16:36:03,40.41,24.46,,,3.175,-0.128,-1.044,-0.18,86,4,10069
2026-01-21 16:36:05,40.41,24.44,,,3.175,-0.124,-1.04,-0.164,86,4,10070
2026-01-21 16:36:08,40.42,24.44,,,3.175,-0.124,-1.044,-0.168,86,4,10071
2026-01-21 16:36:10,40.44,24.45,,,3.175,-0.132,-1.044,-0.172,86,4,10072
2026-01-21 16:36:13,40.43,24.45,,,3.175,-0.124,-1.044,-0.172,86,4,10073
2026-01-21 16:36:16,40.44,24.43,,,3.175,-0.12,-1.048,-0.172,86,4,10074
2026-01-21 16:36:19,40.46,24.42,,,3.175,0.28,-1.048,-0.152,87,4,10075
2026-01-21 16:36:21,40.46,24.39,,,3.175,0.552,-0.888,-0.132,87,4,10076
2026-01-21 16:36:23,40.47,24.41,,,3.175,0.556,-0.892,-0.128,87,4,10077
2026-01-21 16:36:26,40.49,24.41,,,3.175,0.552,-0.904,-0.136,87,4,10078
2026-01-21 16:36:28,40.48,24.42,,,3.175,0.552,-0.904,-0.136,87,4,10079
2026-01-21 16:36:31,40.49,24.4,,,3.175,0.548,-0.904,-0.132,87,4,10080
2026-01-21 16:36:34,40.51,24.4,,,3.175,0.552,-0.9,-0.14,87,4,10081
2026-01-21 16:36:36,40.49,24.42,,,3.175,-0.188,-1.028,-0.168,88,4,10082
2026-01-21 16:36:39,40.51,24.4,,,3.175,-0.188,-1.032,-0.168,88,4,10083
2026-01-21 16:36:42,40.53,24.42,,,3.175,-0.184,-1.028,-0.172,88,4,10084
2026-01-21 16:36:44,40.51,24.38,,,3.175,-0.184,-1.032,-0.172,88,4,10085
2026-01-21 16:36:47,40.54,24.39,,,3.175,-0.184,-1.028,-0.176,88,4,10086
2026-01-21 16:36:49,40.55,24.4,,,3.175,-0.184,-1.036,-0.16,88,4,10087
2026-01-21 16:36:52,40.57,24.4,,,3.175,-0.18,-1.028,-0.168,88,4,10088
2026-01-21 16:36:54,40.57,24.37,,,3.175,-0.18,-1.032,-0.176,88,4,10089
2026-01-21 16:36:57,40.57,24.38,,,3.175,-0.184,-1.032,-0.172,88,4,10090
2026-01-21 16:36:59,40.57,24.36,,,3.175,-0.18,-1.032,-0.176,88,4,10091
2026-01-21 16:37:02,40.58,24.4,,,3.175,-0.18,-1.028,-0.168,88,4,10092
2026-01-21 16:37:04,40.62,24.37,,,3.175,-0.18,-1.036,-0.168,88,4,10093
2026-01-21 16:37:07,40.6,24.38,,,3.175,-0.18,-1.028,-0.172,88,4,10094
2026-01-21 16:37:10,40.61,24.38,,,3.175,-0.18,-1.024,-0.164,88,4,10095
2026-01-21 16:37:12,40.62,24.37,,,3.175,-0.18,-1.032,-0.176,88,4,10096
2026-01-21 16:37:15,40.64,24.38,,,3.175,-0.18,-1.032,-0.172,88,4,10097
2026-01-21 16:37:18,40.64,24.36,,,3.175,-0.18,-1.036,-0.172,88,4,10098
2026-01-21 16:37:20,40.66,24.36,,,3.175,-0.176,-1.032,-0.172,88,4,10099
2026-01-21 16:37:22,40.65,24.33,,,3.175,-0.18,-1.032,-0.168,88,4,10100
2026-01-21 16:37:25,40.67,24.36,,,3.175,-0.184,-1.032,-0.168,88,4,10101
2026-01-21 16:37:27,40.67,24.34,,,3.175,-0.184,-1.028,-0.176,88,4,10102
2026-01-21 16:37:30,40.68,24.34,,,3.175,-0.184,-1.04,-0.168,88,4,10103
2026-01-21 16:37:33,40.68,24.33,,,3.175,-0.18,-1.032,-0.164,88,4,10104
2026-01-21 16:37:35,40.71,24.33,,,3.175,-0.18,-1.036,-0.156,88,4,10105
2026-01-21 16:37:38,40.71,24.32,,,3.175,-0.184,-1.028,-0.172,88,4,10106
2026-01-21 16:37:41,40.71,24.33,,,3.175,-0.176,-1.032,-0.172,88,4,10107
2026-01-21 16:37:43,40.71,24.32,,,3.175,-0.18,-1.036,-0.164,88,4,10108
2026-01-21 16:37:46,40.72,24.31,,,3.175,-0.184,-1.032,-0.164,88,4,10109
2026-01-21 16:37:48,40.74,24.3,,,3.175,-0.176,-1.04,-0.172,88,4,10110
2026-01-21 16:37:51,40.74,24.33,,,3.175,-0.188,-1.028,-0.172,88,4,10111
2026-01-21 16:37:53,40.77,24.32,,,3.175,-0.18,-1.028,-0.168,88,4,10112
2026-01-21 16:37:56,40.77,24.31,,,3.175,-0.188,-1.032,-0.164,88,4,10113
2026-01-21 16:37:59,40.78,24.31,,,3.175,-0.188,-1.036,-0.168,88,4,10114
2026-01-21 16:38:01,40.77,24.31,,,3.175,-0.184,-1.032,-0.172,88,4,10115
2026-01-21 16:38:04,40.8,24.31,,,3.175,-0.18,-1.028,-0.176,88,4,10116
2026-01-21 16:38:06,40.81,24.31,,,3.175,-0.176,-1.036,-0.176,88,4,10117
2026-01-21 16:38:09,40.81,24.28,,,3.175,-0.184,-1.028,-0.172,88,4,10118
2026-01-21 16:38:11,40.82,24.28,,,3.175,-0.176,-1.036,-0.172,88,4,10119
2026-01-21 16:38:14,40.83,24.3,,,3.175,-0.184,-1.032,-0.168,88,4,10120
2026-01-21 16:38:16,40.83,24.27,,,3.175,-0.184,-1.028,-0.172,88,4,10121
2026-01-21 16:38:19,40.85,24.28,,,3.175,-0.184,-1.028,-0.176,88,4,10122
2026-01-21 16:38:42,40.94,24.24,,,3.175,-0.176,-1.024,-0.168,88,4,10131
2026-01-21 16:38:45,40.96,24.22,,,3.175,-0.184,-1.032,-0.168,88,4,10132
2026-01-21 16:38:47,40.96,24.27,,,3.175,-0.18,-1.028,-0.172,88,4,10133
2026-01-21 16:38:50,40.97,24.24,,,3.175,-0.18,-1.032,-0.168,88,4,10134
2026-01-21 16:38:53,40.98,24.23,,,3.175,-0.184,-1.036,-0.172,88,4,10135
2026-01-21 16:38:55,40.98,24.25,,,3.175,-0.18,-1.032,-0.164,88,4,10136
2026-01-21 16:38:58,40.99,24.24,,,3.175,-0.18,-1.028,-0.168,88,4,10137
2026-01-21 16:39:00,41.01,24.21,,,3.199,-0.184,-1.036,-0.176,88,4,10138
2026-01-21 16:39:03,41.02,24.2,,,3.199,-0.18,-1.032,-0.164,88,4,10139
2026-01-21 16:39:05,41.02,24.18,,,3.199,-0.184,-1.032,-0.168,88,4,10140
2026-01-21 16:39:08,41.04,24.22,,,3.199,-0.184,-1.032,-0.168,88,4,10141
2026-01-21 16:39:10,41.05,24.22,,,3.199,-0.184,-1.036,-0.168,88,4,10142
2026-01-21 16:39:13,41.05,24.21,,,3.199,-0.18,-1.04,-0.176,88,4,10143
2026-01-21 16:39:16,41.07,24.2,,,3.199,-0.176,-1.028,-0.164,88,4,10144
2026-01-21 16:39:18,41.09,24.18,,,3.199,-0.188,-1.04,-0.164,88,4,10145
2026-01-21 16:39:21,41.09,24.21,,,3.199,-0.18,-1.028,-0.172,88,4,10146
2026-01-21 16:39:23,41.1,24.2,,,3.199,-0.184,-1.032,-0.172,88,4,10147
2026-01-21 16:41:37,41.58,23.94,,,3.189,-0.18,-1.036,-0.168,88,4,10199
2026-01-21 16:41:39,41.6,23.93,,,3.189,-0.18,-1.036,-0.168,88,4,10200
2026-01-21 16:41:42,41.61,23.94,,,3.189,-0.172,-1.028,-0.168,88,4,10201
2026-01-21 16:41:44,41.6,23.93,,,3.189,-0.184,-1.028,-0.172,88,4,10202
2026-01-21 16:41:47,41.61,23.91,,,3.189,-0.184,-1.032,-0.168,88,4,10203
2026-01-21 16:41:50,41.63,23.94,,,3.189,-0.18,-1.028,-0.172,88,4,10204
2026-01-21 16:41:52,41.64,23.91,,,3.189,-0.18,-1.032,-0.168,88,4,10205
2026-01-21 16:41:55,41.64,23.91,,,3.189,-0.184,-1.032,-0.172,88,4,10206
2026-01-21 16:41:57,41.63,23.89,,,3.189,-0.184,-1.032,-0.164,88,4,10207
2026-01-21 16:42:59,41.82,23.86,,,3.203,0.904,-0.524,-0.056,96,4,10231
2026-01-21 16:43:01,41.82,23.82,,,3.171,0.908,-0.528,-0.056,96,4,10232
2026-01-21 16:43:17,41.85,23.81,,,3.171,0.904,-0.524,-0.048,96,4,10238
2026-01-21 16:43:20,41.88,23.81,,,3.171,0.908,-0.524,-0.052,96,4,10239
2026-01-21 16:43:22,41.89,23.79,,,3.171,0.908,-0.52,-0.048,96,4,10240
2026-01-21 16:43:25,41.89,23.79,,,3.171,0.904,-0.524,-0.048,96,4,10241
2026-01-21 16:43:27,41.89,23.8,,,3.171,0.912,-0.524,-0.048,96,4,10242
2026-01-21 16:43:30,41.91,23.79,,,3.171,0.9,-0.524,-0.052,96,4,10243
2026-01-21 16:43:33,41.91,23.78,,,3.171,0.908,-0.52,-0.048,96,4,10244
2026-01-21 16:43:43,41.95,23.77,,,3.171,0.9,-0.524,-0.052,96,4,10248
2026-01-21 16:43:45,41.95,23.8,,,3.171,0.908,-0.52,-0.056,96,4,10249
2026-01-21 16:45:28,42.31,23.68,,,3.154,0.904,-0.524,-0.052,96,4,10289
2026-01-21 16:45:31,42.34,23.65,,,3.154,0.904,-0.52,-0.056,96,4,10290
2026-01-21 16:45:33,42.33,23.68,,,3.154,0.904,-0.524,-0.052,96,4,10291
2026-01-21 16:45:36,42.35,23.65,,,3.154,0.908,-0.524,-0.056,96,4,10292
2026-01-21 16:45:39,42.36,23.65,,,3.154,0.908,-0.52,-0.056,96,4,10293
2026-01-21 16:45:41,42.37,23.64,,,3.154,0.904,-0.516,-0.056,96,4,10294
2026-01-21 16:51:32,43.5,23.14,,-48,3.175,0.904,-0.516,-0.06,96,4,10430
2026-01-21 16:51:35,43.51,23.14,,,3.175,0.912,-0.516,-0.06,96,4,10432
2026-01-21 16:51:38,43.52,23.12,,,3.175,0.904,-0.524,-0.048,96,4,10433
2026-01-21 16:51:41,43.53,23.14,,,3.175,0.904,-0.516,-0.052,96,4,10434
2026-01-21 16:51:43,43.53,23.12,,,3.175,0.9,-0.52,-0.056,96,4,10435
2026-01-21 16:51:46,43.54,23.11,,,3.175,0.9,-0.512,-0.056,96,4,10436
2026-01-21 16:51:48,43.56,23.14,,,3.175,0.908,-0.516,-0.052,96,4,10437
2026-01-21 16:51:51,43.57,23.13,,,3.175,0.908,-0.516,-0.052,96,4,10438
2026-01-21 16:51:54,43.55,23.15,,,3.175,0.912,-0.52,-0.048,96,4,10439
2026-01-21 16:51:56,43.56,23.13,,,3.175,0.908,-0.524,-0.052,96,4,10440
2026-01-21 16:51:59,43.58,23.15,,,3.175,0.912,-0.516,-0.06,96,4,10441
2026-01-21 16:52:02,43.59,23.1,,,3.175,0.908,-0.52,-0.06,96,4,10442
2026-01-21 16:52:04,43.59,23.12,,,3.192,0.908,-0.52,-0.048,96,4,10443
2026-01-21 16:52:07,43.6,23.15,,,3.192,0.904,-0.524,-0.056,96,4,10444
2026-01-21 16:52:09,43.6,23.17,,,3.192,0.908,-0.524,-0.052,96,4,10445
2026-01-21 16:52:12,43.62,23.15,,,3.192,0.904,-0.516,-0.052,96,4,10446
2026-01-21 16:52:14,43.61,23.1,,,3.192,0.912,-0.516,-0.056,96,4,10447
2026-01-21 16:52:17,43.61,23.13,,,3.192,0.904,-0.516,-0.056,96,4,10448
2026-01-21 16:52:19,43.62,23.14,,,3.192,0.904,-0.516,-0.056,96,4,10449
2026-01-21 16:52:22,43.63,23.1,,,3.192,0.896,-0.524,-0.056,96,4,10450
2026-01-21 16:52:25,43.64,23.1,,,3.192,0.908,-0.524,-0.06,96,4,10451
2026-01-21 16:56:47,44.32,22.82,,,3.171,0.912,-0.516,-0.048,96,4,10553
2026-01-21 16:56:49,44.34,22.8,,,3.171,0.908,-0.512,-0.06,96,4,10554
2026-01-21 16:56:52,44.35,22.82,,,3.171,0.904,-0.516,-0.048,96,4,10555
2026-01-21 16:56:54,44.35,22.79,,,3.171,0.908,-0.516,-0.056,96,4,10556
2026-01-21 16:56:57,44.36,22.77,,,3.171,0.912,-0.52,-0.052,96,4,10557
2026-01-21 16:56:59,44.35,22.79,,,3.171,0.908,-0.516,-0.06,96,4,10558
2026-01-21 16:57:02,44.36,22.82,,,3.171,0.916,-0.52,-0.056,96,4,10559
2026-01-21 16:57:43,44.39,22.77,,,3.168,0.912,-0.512,-0.056,96,4,10575
2026-01-21 16:57:46,44.39,22.77,,,3.168,0.908,-0.52,-0.052,96,4,10576
2026-01-21 16:57:48,44.4,22.77,,,3.168,0.908,-0.516,-0.052,96,4,10577
2026-01-21 16:57:51,44.4,22.73,,,3.168,0.904,-0.52,-0.056,96,4,10578
2026-01-21 16:57:53,44.4,22.78,,,3.168,0.904,-0.516,-0.052,96,4,10579
2026-01-21 16:57:56,44.41,22.77,,,3.168,0.912,-0.516,-0.056,96,4,10580
2026-01-21 16:57:59,44.42,22.75,,,3.168,0.912,-0.512,-0.056,96,4,10581
2026-01-21 16:58:01,44.41,22.75,,,3.168,0.904,-0.52,-0.056,96,4,10582
2026-01-21 16:58:04,44.42,22.75,,,3.168,0.912,-0.516,-0.052,96,4,10583
2026-01-21 16:59:39,44.58,22.74,,,3.171,0.912,-0.516,-0.052,96,4,10620
2026-01-21 16:59:42,44.6,22.75,,,3.171,0.904,-0.52,-0.052,96,4,10621
2026-01-21 16:59:44,44.6,22.75,,,3.171,0.9,-0.516,-0.056,96,4,10622
2026-01-21 16:59:47,44.6,22.75,,,3.171,0.9,-0.52,-0.052,96,4,10623
2026-01-21 17:03:20,45.05,22.49,,,3.185,0.908,-0.516,-0.056,97,4,10706
2026-01-21 17:03:22,45.04,22.51,,,3.185,0.912,-0.516,-0.048,97,4,10707
2026-01-21 17:03:25,45.05,22.52,,,3.185,0.904,-0.52,-0.056,97,4,10708
2026-01-21 17:03:28,45.05,22.5,,,3.185,0.908,-0.516,-0.04,97,4,10709
2026-01-21 17:03:30,45.04,22.49,,,3.185,0.912,-0.52,-0.052,97,4,10710
2026-01-21 17:03:33,45.05,22.49,,,3.185,0.908,-0.516,-0.056,97,4,10711
2026-01-21 17:03:35,45.05,22.49,,,3.185,0.916,-0.516,-0.056,97,4,10712
2026-01-21 17:03:38,45.07,22.5,,,3.185,0.908,-0.52,-0.056,97,4,10713
2026-01-21 17:03:41,45.07,22.51,,,3.185,0.912,-0.516,-0.056,97,4,10714
2026-01-21 17:03:43,45.06,22.48,,,3.185,0.912,-0.52,-0.052,97,4,10715
2026-01-21 17:03:45,45.06,22.5,,,3.185,0.908,-0.516,-0.052,97,4,10716
2026-01-21 17:03:54,45.06,22.49,,,3.185,0.916,-0.512,-0.06,97,4,10719
2026-01-21 17:06:10,45.24,22.49,,,3.182,0.916,-0.516,-0.052,97,4,10772
2026-01-21 17:06:12,45.24,22.45,,,3.182,0.912,-0.52,-0.052,97,4,10773
2026-01-21 17:06:15,45.23,22.47,,,3.182,0.908,-0.52,-0.06,97,4,10774
2026-01-21 17:06:17,45.22,22.47,,,3.182,0.908,-0.52,-0.06,97,4,10775
2026-01-21 17:06:20,45.24,22.46,,,3.182,0.912,-0.516,-0.048,97,4,10776
2026-01-21 17:06:22,45.24,22.49,,,3.182,0.908,-0.516,-0.052,97,4,10777
2026-01-21 17:06:25,45.24,22.46,,,3.182,0.916,-0.516,-0.06,97,4,10778
2026-01-21 17:06:28,45.24,22.45,,,3.182,0.908,-0.516,-0.048,97,4,10779
2026-01-21 17:06:30,45.27,22.48,,,3.182,0.908,-0.52,-0.06,97,4,10780
2026-01-21 17:06:33,45.27,22.48,,,3.182,0.904,-0.524,-0.052,97,4,10781
2026-01-21 17:06:35,45.28,22.47,,,3.182,0.912,-0.516,-0.056,97,4,10782
2026-01-21 17:06:38,45.28,22.43,,,3.182,0.904,-0.516,-0.056,97,4,10783
2026-01-21 17:06:40,45.28,22.48,,,3.182,0.904,-0.516,-0.06,97,4,10784
2026-01-21 17:06:43,45.29,22.47,,,3.182,0.916,-0.52,-0.052,97,4,10785
2026-01-21 17:06:45,45.28,22.43,,,3.182,0.916,-0.512,-0.06,97,4,10786
2026-01-21 17:06:48,45.31,22.43,,,3.182,0.912,-0.516,-0.056,97,4,10787
2026-01-21 17:11:49,45.64,22.28,,,3.171,0.916,-0.516,-0.048,97,4,10904
2026-01-21 17:16:49,45.99,22.12,,,3.175,0.912,-0.52,-0.056,98,4,11021
2026-01-21 17:16:52,45.99,22.14,,,3.175,0.904,-0.516,-0.056,98,4,11022
2026-01-21 17:16:54,45.99,22.14,,,3.175,0.916,-0.516,-0.052,98,4,11023
2026-01-21 17:16:57,45.97,22.14,,,3.175,0.904,-0.516,-0.06,98,4,11024
2026-01-21 17:21:58,46.2,22.09,,,3.178,0.912,-0.512,-0.048,98,4,11141
2026-01-21 17:22:26,46.23,22.07,,,3.185,0.908,-0.512,-0.052,98,4,11152
2026-01-21 17:22:28,46.22,22.08,,,3.185,0.92,-0.512,-0.056,98,4,11153
2026-01-21 17:22:31,46.21,22.09,,,3.185,0.912,-0.512,-0.056,98,4,11154
2026-01-21 17:22:35,46.22,22.06,,,3.185,0.908,-0.512,-0.048,98,4,11155
2026-01-21 17:22:37,46.23,22.09,,,3.185,0.916,-0.512,-0.048,98,4,11156
2026-01-21 17:22:39,46.22,22.07,,,3.185,0.92,-0.512,-0.052,98,4,11157
2026-01-21 17:22:42,46.22,22.08,,,3.185,0.916,-0.512,-0.052,98,4,11158
2026-01-21 17:22:44,46.22,22.1,,,3.185,0.912,-0.512,-0.056,98,4,11159
2026-01-21 17:22:47,46.22,22.07,,,3.185,0.908,-0.516,-0.048,98,4,11160
2026-01-21 17:22:49,46.23,22.09,,,3.185,0.916,-0.516,-0.044,98,4,11161
2026-01-21 17:22:52,46.23,22.08,,,3.185,0.916,-0.516,-0.048,98,4,11162
2026-01-21 17:22:54,46.23,22.08,,,3.185,0.912,-0.512,-0.056,98,4,11163
2026-01-21 17:22:57,46.22,22.08,,,3.185,0.912,-0.512,-0.052,98,4,11164
2026-01-21 17:23:00,46.22,22.07,,,3.185,0.912,-0.512,-0.048,98,4,11165
2026-01-21 17:23:02,46.24,22.06,,,3.185,0.908,-0.508,-0.056,98,4,11166
2026-01-21 17:23:05,46.23,22.07,,,3.185,0.912,-0.508,-0.044,98,4,11167
2026-01-21 17:23:07,46.22,22.06,,,3.185,0.916,-0.512,-0.06,98,4,11168
2026-01-21 17:23:10,46.24,22.06,,,3.185,0.912,-0.512,-0.048,98,4,11169
2026-01-21 17:23:12,46.24,22.06,,,3.206,0.916,-0.52,-0.06,98,4,11170
2026-01-21 17:23:15,46.23,22.06,,,3.206,0.912,-0.516,-0.048,98,4,11171
2026-01-21 17:23:17,46.21,22.07,,,3.206,0.908,-0.512,-0.056,98,4,11172
2026-01-21 17:23:20,46.22,22.06,,,3.206,0.916,-0.516,-0.048,98,4,11173
2026-01-21 17:23:22,46.24,22.06,,,3.206,0.912,-0.516,-0.044,98,4,11174
2026-01-21 17:23:25,46.22,22.08,,,3.206,0.912,-0.512,-0.052,98,4,11175
2026-01-21 17:23:28,46.24,22.08,,,3.206,0.916,-0.516,-0.052,98,4,11176
2026-01-21 17:23:30,46.22,22.07,,,3.206,0.912,-0.512,-0.052,98,4,11177
2026-01-21 17:23:33,46.22,22.05,,,3.206,0.92,-0.516,-0.052,98,4,11178
2026-01-21 17:23:36,46.23,22.03,,,3.206,0.912,-0.512,-0.056,98,4,11179
2026-01-21 17:23:38,46.22,22.06,,,3.206,0.908,-0.512,-0.052,98,4,11180
2026-01-21 17:23:41,46.23,22.05,,,3.206,0.912,-0.512,-0.052,98,4,11181
2026-01-21 17:23:43,46.22,22.07,,,3.206,0.92,-0.512,-0.048,98,4,11182
2026-01-21 17:23:46,46.22,22.05,,,3.206,0.92,-0.512,-0.048,98,4,11183
2026-01-21 17:23:48,46.22,22.04,,,3.206,0.912,-0.516,-0.052,98,4,11184
2026-01-21 17:23:51,46.22,22.07,,,3.206,0.908,-0.508,-0.056,98,4,11185
2026-01-21 17:23:54,46.21,22.05,,,3.206,0.908,-0.512,-0.052,98,4,11186
2026-01-21 17:23:56,46.22,22.07,,,3.206,0.912,-0.512,-0.064,98,4,11187
2026-01-21 17:23:59,46.23,22.09,,,3.206,0.924,-0.508,-0.052,98,4,11188
2026-01-21 17:24:01,46.21,22.07,,,3.206,0.908,-0.516,-0.048,98,4,11189
2026-01-21 17:24:04,46.21,22.08,,,3.206,0.912,-0.512,-0.056,98,4,11190
2026-01-21 17:24:06,46.24,22.06,,,3.206,0.912,-0.508,-0.052,98,4,11191
2026-01-21 17:24:09,46.22,22.06,,,3.206,0.912,-0.512,-0.052,98,4,11192
2026-01-21 17:24:11,46.21,22.07,,,3.206,0.912,-0.516,-0.052,98,4,11193
2026-01-21 17:24:14,46.22,22.03,,,3.196,0.912,-0.508,-0.052,98,4,11194
2026-01-21 17:24:53,46.2,22.1,,,3.196,0.912,-0.516,-0.044,98,4,11209
2026-01-21 17:24:55,46.22,22.07,,,3.196,0.908,-0.512,-0.06,98,4,11210
2026-01-21 17:24:58,46.2,22.1,,,3.196,0.912,-0.512,-0.056,98,4,11211
2026-01-21 17:25:00,46.21,22.09,,,3.196,0.916,-0.512,-0.056,98,4,11212
2026-01-21 17:25:03,46.21,22.09,,,3.196,0.916,-0.512,-0.056,98,4,11213
2026-01-21 17:25:05,46.22,22.12,,,3.196,0.912,-0.508,-0.056,98,4,11214
2026-01-21 17:25:08,46.21,22.09,,,3.196,0.912,-0.512,-0.048,98,4,11215
2026-01-21 17:25:11,46.21,22.07,,,3.196,0.912,-0.512,-0.052,98,4,11216
2026-01-21 17:25:13,46.22,22.06,,,3.206,0.912,-0.508,-0.056,98,4,11217
2026-01-21 17:25:16,46.22,22.08,,,3.206,0.916,-0.512,-0.056,98,4,11218
2026-01-21 17:25:18,46.21,22.08,,,3.206,0.904,-0.508,-0.056,98,4,11219
2026-01-21 17:25:21,46.22,22.09,,,3.206,0.916,-0.508,-0.052,98,4,11220
2026-01-21 17:25:23,46.22,22.09,,,3.206,0.916,-0.516,-0.06,98,4,11221
2026-01-21 17:25:26,46.22,22.09,,,3.206,0.916,-0.512,-0.056,98,4,11222
2026-01-21 17:25:28,46.22,22.09,,,3.206,0.912,-0.512,-0.06,98,4,11223
2026-01-21 17:25:31,46.22,22.09,,,3.206,0.912,-0.512,-0.06,98,4,11224
2026-01-21 17:25:34,46.24,22.07,,,3.206,0.912,-0.512,-0.056,98,4,11225
2026-01-21 17:25:36,46.24,22.08,,,3.206,0.916,-0.512,-0.056,98,4,11226
2026-01-21 17:27:42,46.35,22.03,,,3.182,0.916,-0.516,-0.048,98,4,11275
2026-01-21 17:27:45,46.35,22.06,,,3.182,0.916,-0.512,-0.048,98,4,11276
2026-01-21 17:27:52,46.36,22.05,,,3.182,0.912,-0.508,-0.056,98,4,11279
2026-01-21 17:27:55,46.36,22.06,,,3.182,0.92,-0.512,-0.052,98,4,11280
2026-01-21 17:27:57,46.35,22.04,,,3.182,0.916,-0.516,-0.052,98,4,11281
2026-01-21 17:28:00,46.35,22.02,,,3.182,0.908,-0.516,-0.056,98,4,11282
2026-01-21 17:28:03,46.35,22.03,,,3.182,0.916,-0.516,-0.056,98,4,11283
2026-01-21 17:28:06,46.35,22.02,,,3.182,0.916,-0.504,-0.056,98,4,11284
2026-01-21 17:28:08,46.35,22.05,,,3.182,0.912,-0.508,-0.056,98,4,11285
2026-01-21 17:28:11,46.35,22.02,,,3.182,0.92,-0.504,-0.06,98,4,11286
2026-01-21 17:28:13,46.36,22.02,,,3.182,0.92,-0.508,-0.056,98,4,11287
2026-01-21 17:28:16,46.36,22.05,,,3.182,0.916,-0.512,-0.052,98,4,11288
2026-01-21 17:28:18,46.37,22.04,,,3.182,0.912,-0.512,-0.044,98,4,11289
2026-01-21 17:28:21,46.36,22.03,,,3.182,0.912,-0.512,-0.052,98,4,11290
2026-01-21 17:28:23,46.36,22.03,,,3.182,0.912,-0.508,-0.056,98,4,11291
2026-01-21 17:28:26,46.36,22.03,,,3.182,0.908,-0.512,-0.056,98,4,11292
2026-01-21 17:28:28,46.35,22.01,,,3.182,0.916,-0.512,-0.048,98,4,11293
2026-01-21 17:28:31,46.36,22.04,,,3.182,0.912,-0.512,-0.044,98,4,11294
2026-01-21 17:28:34,46.35,22.02,,,3.182,0.912,-0.512,-0.056,98,4,11295
2026-01-21 17:28:36,46.38,22.02,,,3.182,0.916,-0.508,-0.052,98,4,11296
2026-01-21 17:28:39,46.35,22.04,,,3.182,0.912,-0.512,-0.052,98,4,11297
2026-01-21 17:28:41,46.37,22.02,,,3.182,0.912,-0.508,-0.052,98,4,11298
2026-01-21 17:28:44,46.36,22.03,,,3.182,0.916,-0.508,-0.052,98,4,11299
2026-01-21 17:28:46,46.37,22.01,,,3.182,0.92,-0.508,-0.048,98,4,11300
2026-01-21 17:28:49,46.35,22.03,,,3.182,0.916,-0.512,-0.044,98,4,11301
2026-01-21 17:28:51,46.35,22.01,,,3.182,0.92,-0.512,-0.056,98,4,11302
2026-01-21 17:28:54,46.37,22.01,,,3.182,0.916,-0.508,-0.056,98,4,11303
2026-01-21 17:28:57,46.35,22,,,3.182,0.912,-0.508,-0.052,98,4,11304
2026-01-21 17:32:28,46.17,22.03,,,3.206,0.92,-0.508,-0.052,98,4,11386
2026-01-21 17:32:30,46.15,22,,,3.206,0.912,-0.512,-0.06,98,4,11387
2026-01-21 17:32:33,46.15,22.03,,,3.206,0.916,-0.508,-0.056,98,4,11388
2026-01-21 17:32:35,46.15,22.01,,,3.206,0.916,-0.508,-0.056,98,4,11389
2026-01-21 17:32:38,46.16,22.02,,,3.206,0.912,-0.512,-0.052,98,4,11390
2026-01-21 17:32:40,46.15,22.03,,,3.206,0.924,-0.508,-0.052,98,4,11391
2026-01-21 17:34:05,45.97,22.04,,,3.182,0.92,-0.508,-0.056,98,4,11424
2026-01-21 17:34:08,45.97,22.05,,,3.182,0.916,-0.508,-0.048,98,4,11425
2026-01-21 17:34:10,45.96,22.06,,,3.182,0.916,-0.5,-0.052,98,4,11426
2026-01-21 17:34:13,45.97,22.06,,,3.182,0.916,-0.504,-0.056,98,4,11427
2026-01-21 17:35:20,45.79,22.09,,,3.189,0.912,-0.508,-0.056,98,4,11453
2026-01-21 17:35:22,45.8,22.08,,,3.189,0.92,-0.508,-0.052,98,4,11454
2026-01-21 17:35:25,45.78,22.08,,,3.189,0.92,-0.508,-0.052,98,4,11455
2026-01-21 17:35:27,45.78,22.1,,,3.189,0.912,-0.504,-0.044,98,4,11456
2026-01-21 17:35:30,45.77,22.09,,,3.189,0.92,-0.508,-0.056,98,4,11457
2026-01-21 17:40:31,44.85,22.34,,,3.196,0.924,-0.5,-0.06,102,4,11574
2026-01-21 17:44:19,44,22.61,,,3.189,0.924,-0.484,-0.06,103,4,11663
2026-01-21 17:44:22,43.99,22.61,,,3.189,0.92,-0.488,-0.044,103,4,11664
2026-01-21 17:44:25,43.97,22.61,,,3.189,0.928,-0.492,-0.056,103,4,11665
2026-01-21 17:44:27,43.97,22.6,,,3.189,0.924,-0.488,-0.056,103,4,11666
2026-01-21 17:44:30,43.95,22.59,,,3.189,0.928,-0.492,-0.048,103,4,11667
2026-01-21 17:46:41,43.42,22.81,,,3.185,0.932,-0.472,-0.036,103,4,11718
2026-01-21 17:46:43,43.41,22.81,,,3.185,0.928,-0.476,-0.032,103,4,11719
2026-01-21 17:46:46,43.39,22.79,,,3.185,0.932,-0.476,-0.036,103,4,11720
2026-01-21 17:46:49,43.39,22.78,,,3.185,0.932,-0.48,-0.028,103,4,11721
2026-01-21 17:46:51,43.37,22.8,,,3.185,0.936,-0.472,-0.036,103,4,11722
2026-01-21 17:46:54,43.37,22.83,,,3.185,0.932,-0.476,-0.036,103,4,11723
2026-01-21 17:46:57,43.35,22.8,,,3.185,0.936,-0.476,-0.04,103,4,11724
2026-01-21 17:46:59,43.33,22.81,,,3.185,0.936,-0.472,-0.032,103,4,11725
2026-01-21 17:47:01,43.35,22.8,,,3.185,0.936,-0.468,-0.036,103,4,11726
2026-01-21 17:47:04,43.32,22.79,,,3.185,0.94,-0.476,-0.036,103,4,11727
2026-01-21 17:47:06,43.32,22.79,,,3.185,0.94,-0.468,-0.028,103,4,11728
2026-01-21 17:47:09,43.31,22.8,,,3.185,0.936,-0.472,-0.044,103,4,11729
2026-01-21 17:47:11,43.3,22.82,,,3.185,0.932,-0.48,-0.032,103,4,11730
2026-01-21 17:47:14,43.28,22.86,,,3.185,0.928,-0.472,-0.032,103,4,11731
2026-01-21 17:47:17,43.28,22.86,,,3.185,0.936,-0.472,-0.028,103,4,11732
2026-01-21 17:47:19,43.26,22.86,,,3.206,0.936,-0.468,-0.036,103,4,11733
2026-01-21 17:47:22,43.24,22.85,,,3.206,0.936,-0.472,-0.044,103,4,11734
2026-01-21 17:47:24,43.24,22.85,,,3.206,0.932,-0.464,-0.032,103,4,11735
2026-01-21 17:47:27,43.23,22.87,,,3.206,0.932,-0.468,-0.04,103,4,11736
2026-01-21 17:47:29,43.22,22.86,,,3.206,0.94,-0.472,-0.036,103,4,11737
2026-01-21 17:47:32,43.21,22.84,,,3.206,0.932,-0.472,-0.024,103,4,11738
2026-01-21 17:47:34,43.2,22.88,,,3.206,0.932,-0.472,-0.04,103,4,11739
2026-01-21 17:47:37,43.18,22.87,,,3.206,0.936,-0.46,-0.032,103,4,11740
2026-01-21 17:47:40,43.17,22.87,,,3.206,0.936,-0.472,-0.024,103,4,11741
2026-01-21 17:47:43,43.17,22.88,,,3.206,0.932,-0.468,-0.036,103,4,11742
2026-01-21 17:47:45,43.14,22.87,,,3.206,0.936,-0.472,-0.024,103,4,11743
2026-01-21 17:47:48,43.14,22.88,,,3.206,0.936,-0.48,-0.036,103,4,11744
2026-01-21 17:47:50,43.12,22.88,,,3.206,0.932,-0.48,-0.028,103,4,11745
2026-01-21 17:47:53,43.12,22.9,,,3.206,0.932,-0.472,-0.032,103,4,11746
